date,year,month,day,rha,ra,psa,wsa,wd,ta,da,max_ta,min_ta,confirm_dengue
1/1/2022,2022,1,1,81.19698413,0.004603175,101.1831746,2.027460317,275.131746,17.30095238,13.81380952,22.63142857,13.49634921,4
1/2/2022,2022,1,2,81.07603175,0,101.032381,1.996507937,287.8460317,16.92746032,13.49857143,22.2031746,12.40031746,11
1/3/2022,2022,1,3,80.06746032,0,100.9125397,1.822857143,275.7349206,17.08412698,13.4152381,22.45444444,12.71365079,29
1/4/2022,2022,1,4,78.28412698,0,100.9755556,1.86,246.052381,16.60634921,12.51301587,22.28698413,12.15650794,4
1/5/2022,2022,1,5,76.41492063,0,100.911746,1.757142857,292.2253968,16.85095238,12.36571429,22.68650794,11.34507937,4
1/6/2022,2022,1,6,74.38777778,0,100.8619048,1.471587302,273.3507937,17.6847619,12.74746032,23.30015873,12.23793651,9
1/7/2022,2022,1,7,76.43031746,0,100.927619,1.657619048,230.8,18.21126984,13.7352381,23.62793651,13.16761905,1
1/8/2022,2022,1,8,80.17222222,0,100.9071429,1.623333333,256.5412698,18.63587302,14.93111111,24.25142857,13.52555556,2
1/9/2022,2022,1,9,79.36555556,0,100.7233333,1.295396825,226.7555556,19.31746032,15.45968254,24.42809524,14.18444444,7
1/10/2022,2022,1,10,78.70793651,0,100.7650794,1.262698413,246.2095238,19.86555556,15.85333333,24.67698413,15.14174603,3
1/11/2022,2022,1,11,81.77634921,1.401904762,100.7720635,1.359047619,227.9952381,19.73015873,16.33984127,24.44539683,15.32079365,3
1/12/2022,2022,1,12,85.38126984,3.960793651,100.7504762,1.373015873,154.4349206,19.07253968,16.42111111,22.87571429,15.9915873,14
1/13/2022,2022,1,13,83.69412698,3.303174603,100.8587302,1.653650794,201.2650794,18.41634921,15.45507937,22.30095238,15.00174603,3
1/14/2022,2022,1,14,79.31587302,2.713968254,100.9012698,2.03984127,89.74126984,17.40126984,13.51047619,21.56809524,13.67730159,1
1/15/2022,2022,1,15,75.76650794,0.668571429,100.8506349,2.046190476,242.6190476,17.39190476,12.73777778,22.79904762,13.24650794,5
1/16/2022,2022,1,16,77.98666667,0.042380952,101.0285714,2.621746032,295.5555556,16.72396825,12.5252381,22.50031746,12.31190476,2
1/17/2022,2022,1,17,78.2931746,0,101.0952381,2.015396825,284.1507937,16.38190476,12.23746032,22.7415873,11.02269841,2
1/18/2022,2022,1,18,77.20333333,0,100.8736508,1.646349206,275.5857143,17.00412698,12.67333333,22.73063492,12.06015873,4
1/19/2022,2022,1,19,76.25047619,0.009206349,100.6630159,1.492063492,284.6126984,17.49126984,12.96634921,22.66936508,13.34730159,7
1/20/2022,2022,1,20,74.75190476,0.039365079,100.4353968,1.358253968,265.6238095,17.0084127,12.17603175,21.74301587,12.79095238,1
1/21/2022,2022,1,21,68.00809524,0.138888889,100.4671429,0.981587302,195.0619048,17.95333333,11.67269841,22.69952381,13.58920635,0
1/22/2022,2022,1,22,73.38460317,0.205873016,100.3911111,1.247777778,118.1968254,18.06936508,12.96809524,22.91301587,13.47428571,0
1/23/2022,2022,1,23,77.93269841,0.603174603,100.4012698,1.464920635,116.9444444,18.58380952,14.41571429,23.61507937,14.22063492,2
1/24/2022,2022,1,24,85.50730159,3.004761905,100.4020635,1.703174603,111.7714286,18.53269841,15.92603175,22.10650794,15.48857143,3
1/25/2022,2022,1,25,80.38142857,2.09015873,100.4438095,1.399365079,191.9603175,18.69634921,15.01825397,22.77571429,15.1268254,1
1/26/2022,2022,1,26,78.1247619,1.300952381,100.562381,1.143174603,199.2412698,18.36619048,14.26063492,22.49396825,14.64634921,0
1/27/2022,2022,1,27,76.74507937,2.043333333,100.6501587,1.93952381,307.9333333,16.89507937,12.47603175,21.55095238,13.0631746,1
1/28/2022,2022,1,28,71.63873016,0.564444444,100.8350794,2.087619048,307.3746032,14.97777778,9.405079365,20.43587302,10.51269841,2
1/29/2022,2022,1,29,71.88428571,0.00015873,100.8203175,1.986666667,320.0730159,14.45873016,9.027936508,20.2047619,9.723333333,0
1/30/2022,2022,1,30,69.16555556,0.00015873,100.564127,1.772380952,279.3365079,15.31253968,9.182063492,21.08285714,9.935238095,0
1/31/2022,2022,1,31,66.09634921,0,100.5157143,1.335079365,199.6603175,16.71984127,9.973968254,22.30126984,11.4215873,1
2/1/2022,2022,2,1,74.29968254,0.39,100.3652381,1.656825397,216.968254,17.26809524,12.28888889,22.7452381,12.10619048,0
2/2/2022,2022,2,2,69.45507937,0.497619048,100.5595238,1.113650794,228.6698413,18.36142857,12.11888889,23.91507937,13.17825397,2
2/3/2022,2022,2,3,74.85444444,0.292380952,100.5812698,1.77984127,130.852381,18.6615873,13.77650794,24.47666667,13.28936508,2
2/4/2022,2022,2,4,81.91873016,18.29095238,100.372381,2.73984127,148.9873016,19.28174603,15.94666667,23.70507937,15.42253968,0
2/5/2022,2022,2,5,75.79634921,14.56111111,100.4669841,2.747301587,276.8428571,17.16285714,12.40349206,21.71587302,12.73174603,2
2/6/2022,2022,2,6,70.32269841,7.245873016,100.8747619,1.702380952,244.9333333,15.78111111,9.928730159,21.30380952,10.93603175,1
2/7/2022,2022,2,7,69.1315873,0.078412698,100.854127,1.53968254,268.6190476,16.09126984,10.03873016,21.5415873,11.1268254,0
2/8/2022,2022,2,8,65.59238095,0,100.7390476,1.537777778,183.8428571,17.16507937,10.29984127,22.41571429,11.67412698,0
2/9/2022,2022,2,9,66.4684127,0.003650794,100.8179365,1.463492063,123.9793651,18.16603175,11.48031746,23.59904762,12.5652381,0
2/10/2022,2022,2,10,77.18015873,1.305714286,100.6880952,1.507619048,163.5555556,18.30761905,14.00603175,22.99698413,13.60809524,0
2/11/2022,2022,2,11,74.85539683,0.264920635,100.6685714,2.08968254,295.8936508,18.3647619,13.38968254,23.55571429,14.11587302,0
2/12/2022,2022,2,12,63.85666667,0.014761905,100.68,2.023333333,259.247619,17.20174603,9.752539683,22.85825397,12.46825397,5
2/13/2022,2022,2,13,64.77904762,0,100.5384127,2.090634921,174.7507937,17.52,10.34301587,24.00079365,11.6068254,1
2/14/2022,2022,2,14,64.20507937,0,100.5201587,1.853809524,274.2857143,18.01285714,10.52936508,24.53031746,11.76777778,2
2/15/2022,2022,2,15,59.96301587,0,100.4711111,1.565079365,309.3301587,18.44920635,9.931428571,24.76571429,12.63142857,1
2/16/2022,2022,2,16,60.69650794,0,100.2938095,1.575079365,281.3396825,18.50174603,10.2584127,24.48825397,12.70920635,0
2/17/2022,2022,2,17,63.33571429,0.00015873,100.2868254,1.919047619,260.8190476,18.84142857,11.18730159,25.20873016,12.79888889,0
2/18/2022,2022,2,18,58.82301587,0,100.4484127,1.879365079,243.8206349,18.98619048,10.06761905,25.32031746,12.9468254,0
2/19/2022,2022,2,19,58.77968254,0,100.5038095,1.905396825,261.0079365,18.95714286,10.07555556,25.58920635,13.19079365,0
2/20/2022,2022,2,20,71.85793651,1.875238095,100.1898413,2.085555556,212.2507937,19.28238095,13.59269841,25.37571429,13.93142857,0
2/21/2022,2022,2,21,70.69666667,5.504285714,100.2447619,1.832698413,124.3777778,19.51365079,13.24095238,25.37714286,14.2331746,0
2/22/2022,2022,2,22,68.41206349,0.955396825,100.697619,1.452698413,118.0412698,20.19365079,13.63492063,26.06460317,14.63793651,1
2/23/2022,2022,2,23,67.91301587,0.121746032,100.9157143,1.21,154.9206349,21.26507937,14.58285714,26.96492063,15.85174603,2
2/24/2022,2022,2,24,71.88222222,0.318888889,100.8849206,1.482380952,176.0412698,21.73460317,15.98285714,27.86666667,16.15650794,0
2/25/2022,2022,2,25,75.79761905,3.015555556,100.8546032,1.417936508,114.8904762,21.97952381,17.14190476,27.01396825,17.88555556,0
2/26/2022,2022,2,26,72.1368254,1.050793651,100.9065079,1.308253968,153.015873,22.78952381,17.05920635,28.37396825,17.98253968,0
2/27/2022,2022,2,27,66.01206349,0.808253968,100.8146032,1.397460317,144.6190476,22.87634921,15.60888889,28.28825397,17.2552381,0
2/28/2022,2022,2,28,67.86650794,2.105079365,100.691746,1.656507937,232.5793651,23.25333333,16.5468254,28.83047619,18.27333333,0
3/1/2022,2022,3,1,62.7947619,0.755238095,100.7833333,1.715396825,199.6253968,22.94222222,14.79698413,28.7831746,17.45412698,0
3/2/2022,2022,3,2,59.49857143,0.021746032,100.7469841,1.837619048,204.3285714,22.67365079,13.78206349,28.7552381,16.92777778,1
3/3/2022,2022,3,3,58.12095238,0,100.7006349,1.721904762,271.215873,22.72634921,13.38984127,29.31507937,16.57809524,0
3/4/2022,2022,3,4,56.81555556,0,100.6053968,1.856666667,247.7936508,22.78253968,12.90571429,29.35142857,16.39634921,0
3/5/2022,2022,3,5,58.15460317,0,100.4807937,1.705555556,218.6285714,23.34761905,13.92079365,30.03666667,17.14746032,0
3/6/2022,2022,3,6,56.93047619,0,100.4739683,1.69968254,172.6190476,23.69269841,13.8247619,30.48428571,17.93428571,3
3/7/2022,2022,3,7,57.4147619,0,100.4706349,1.804920635,256.8603175,23.79904762,13.80984127,31.5168254,16.84063492,0
3/8/2022,2022,3,8,56.70492063,0,100.351746,1.600793651,272.5714286,24.33650794,14.22539683,31.44301587,17.65206349,0
3/9/2022,2022,3,9,55.29126984,0,100.3395238,1.462222222,298.1301587,24.43619048,13.84761905,31.76301587,17.89507937,1
3/10/2022,2022,3,10,52.8652381,0,100.3104762,1.502857143,309.6936508,24.41714286,13.0484127,31.85142857,17.74301587,1
3/11/2022,2022,3,11,51.76619048,0,100.27,1.676507937,311.9809524,24.5715873,12.9584127,31.61984127,17.74333333,2
3/12/2022,2022,3,12,52.63269841,0,100.2019048,1.795873016,315.7190476,24.71063492,13.33857143,31.79555556,18.43571429,0
3/13/2022,2022,3,13,53.26603175,0,100.2520635,1.820952381,310.584127,25.01,13.70634921,32.27936508,18.29825397,0
3/14/2022,2022,3,14,52.63920635,0,100.1915873,1.632063492,286.2698413,25.7284127,14.21936508,33.00984127,18.82126984,0
3/15/2022,2022,3,15,50.39587302,0,99.98047619,1.478095238,282.184127,26.39333333,14.01222222,33.57952381,19.68714286,0
3/16/2022,2022,3,16,55.99460317,0,99.89888889,1.714603175,235.5539683,26.55873016,15.65333333,33.67825397,20.27460317,1
3/17/2022,2022,3,17,58.49222222,0,100.0407937,1.659365079,211.3650794,27.05539683,16.78190476,34.01,20.4847619,0
3/18/2022,2022,3,18,57.12587302,0,100.0619048,1.750793651,253.4190476,27.41603175,16.79031746,34.57269841,20.95761905,0
3/19/2022,2022,3,19,56.15079365,0,99.89380952,1.90031746,233.331746,27.47444444,16.67396825,34.8784127,21.17761905,0
3/20/2022,2022,3,20,59.7031746,0,99.83333333,2.21047619,206.5904762,26.66761905,16.82253968,34.01222222,20.55460317,0
3/21/2022,2022,3,21,61.71460317,0.052857143,99.96285714,1.881746032,194.8460317,26.94746032,17.72301587,34.19714286,20.55079365,0
3/22/2022,2022,3,22,61.25857143,0.062698413,99.98793651,1.593492063,210.2714286,27.95619048,18.64825397,34.72269841,21.72301587,0
3/23/2022,2022,3,23,58.36857143,0.080952381,99.94968254,1.913968254,233.6174603,28.77396825,18.4431746,35.62253968,22.88349206,2
3/24/2022,2022,3,24,62.4552381,0.352380952,99.89222222,3.366349206,220.2380952,27.88825397,18.4984127,34.61206349,22.89809524,1
3/25/2022,2022,3,25,69.46777778,1.797460317,99.94857143,3.75968254,208.9365079,27.81444444,20.55174603,33.99126984,23.01936508,0
3/26/2022,2022,3,26,69.21126984,4.655079365,100.0655556,3.48968254,211.252381,28.29079365,20.72079365,34.38761905,24.09269841,1
3/27/2022,2022,3,27,66.43174603,2.29952381,100.2555556,1.987460317,185.3079365,28.01857143,19.62793651,34.09857143,22.91777778,1
3/28/2022,2022,3,28,66.67428571,0.736507937,100.1584127,2.141904762,182.9460317,27.78365079,19.76365079,33.78460317,22.8168254,0
3/29/2022,2022,3,29,69.59984127,1.67968254,100.025873,2.668730159,173.8873016,27.6,20.53380952,33.46650794,22.88349206,2
3/30/2022,2022,3,30,71.66428571,2.086666667,100.087619,2.605555556,168.7063492,27.96730159,21.71301587,33.29,23.62714286,4
3/31/2022,2022,3,31,71.00777778,3.218095238,100.1106349,2.983650794,187.9111111,28.55031746,22.09619048,34.10555556,24.08253968,0
4/1/2022,2022,4,1,71.16539683,7.016349206,100.1133333,3.298571429,190.4190476,28.84095238,22.39095238,34.18079365,24.53984127,0
4/2/2022,2022,4,2,71.89238095,5.528888889,100.2942857,2.72015873,172.1936508,28.65952381,22.44666667,33.83444444,24.77777778,0
4/3/2022,2022,4,3,70.74904762,2.91047619,100.2474603,3.176507937,189.1428571,28.49190476,22.05031746,33.74095238,24.27079365,2
4/4/2022,2022,4,4,68.55126984,6.575714286,100.251746,4.242063492,199.3825397,28.73412698,21.37253968,34.56428571,24.76015873,0
4/5/2022,2022,4,5,70.12666667,7.576349206,100.4425397,3.181111111,195.0349206,28.52015873,21.53126984,34.56333333,23.9584127,0
4/6/2022,2022,4,6,69.60126984,1.55015873,100.4457143,2.614444444,183.5301587,28.59936508,21.43396825,34.76206349,23.64714286,0
4/7/2022,2022,4,7,65.22777778,0.268412698,100.3714286,2.170793651,181.2047619,29.14063492,20.60888889,35.68253968,23.6568254,1
4/8/2022,2022,4,8,62.77444444,0.232380952,100.1811111,2.374285714,187.1793651,29.17349206,19.88714286,35.69714286,23.33634921,0
4/9/2022,2022,4,9,64.94746032,1.58031746,100.0693651,2.663174603,171.9730159,29.09190476,20.37936508,35.4215873,23.76269841,0
4/10/2022,2022,4,10,67.3831746,2.15047619,99.99507937,2.885714286,169.6063492,29.14650794,21.32380952,35.46507937,23.76619048,2
4/11/2022,2022,4,11,69.02079365,3.115714286,99.87190476,3.156984127,176.8333333,29.50539683,22.14015873,35.29492063,24.7252381,1
4/12/2022,2022,4,12,68.95095238,1.63,99.90301587,2.527142857,166.0603175,29.57730159,22.2031746,35.13746032,24.84634921,0
4/13/2022,2022,4,13,68.93777778,5.935714286,99.77380952,3.120952381,183.3238095,29.70285714,22.38492063,35.55539683,25.00666667,2
4/14/2022,2022,4,14,68.58174603,3.765714286,99.61126984,3.36015873,197.0730159,29.88539683,22.30809524,35.79920635,25.55714286,0
4/15/2022,2022,4,15,63.32793651,2.063809524,99.59285714,3.623333333,207.4777778,30.55079365,20.74444444,37.20111111,25.72031746,0
4/16/2022,2022,4,16,66.39190476,4.402380952,99.64079365,3.253333333,192.0904762,30.10825397,21.70063492,35.6084127,25.52253968,2
4/17/2022,2022,4,17,65.49968254,3.81952381,99.75349206,3.118730159,175.3904762,30.28333333,21.78444444,35.98587302,25.6631746,1
4/18/2022,2022,4,18,66.98952381,3.91,99.96444444,2.683650794,158.2777778,30.08587302,21.99619048,35.85428571,25.22539683,1
4/19/2022,2022,4,19,68.36,4.173015873,100.0909524,2.967301587,168.0222222,29.86857143,22.31920635,35.49031746,25.10587302,0
4/20/2022,2022,4,20,72.07380952,10.3484127,100.0755556,2.494603175,164.1,28.7831746,22.36857143,33.84142857,25.08888889,2
4/21/2022,2022,4,21,69.96777778,4.927936508,100.0780952,1.820952381,153.3079365,28.35460317,21.60444444,33.23777778,23.85444444,2
4/22/2022,2022,4,22,70.36746032,6.807936508,100.0507937,2.336825397,182.6936508,29.29793651,22.52365079,34.20634921,25.18809524,0
4/23/2022,2022,4,23,68.6084127,8.764444444,99.94730159,2.403333333,206.468254,29.71952381,21.89666667,35.63571429,25.16142857,0
4/24/2022,2022,4,24,65.44190476,5.227301587,99.75952381,2.756507937,211.6428571,30.12111111,21.13444444,36.61873016,24.93555556,1
4/25/2022,2022,4,25,64.78460317,2.546507937,99.75730159,2.585714286,205.9380952,30.42777778,21.11904762,36.94904762,24.80539683,2
4/26/2022,2022,4,26,67.64619048,1.697460317,99.82047619,2.677301587,178.3761905,30.40777778,22.16174603,36.43444444,25.32174603,3
4/27/2022,2022,4,27,68.48587302,2.845079365,99.82285714,2.768888889,173.7650794,30.48666667,22.55301587,36.43031746,25.65587302,1
4/28/2022,2022,4,28,66.52571429,1.218412698,99.90714286,2.141904762,155.9952381,30.8431746,22.40444444,37.06333333,25.58777778,0
4/29/2022,2022,4,29,65.05936508,2.25031746,99.8515873,2.253809524,164.7365079,31.11936508,22.38857143,37.18444444,25.63015873,0
4/30/2022,2022,4,30,66.57730159,6.864285714,99.81111111,2.614444444,152.1412698,30.49936508,22.48952381,36.07619048,26.13730159,0
5/1/2022,2022,5,1,63.67428571,4.036984127,99.75920635,1.997460317,159.8603175,30.15984127,21.46174603,35.60412698,25.66301587,0
5/2/2022,2022,5,2,66.02698413,7.641587302,99.79619048,2.110634921,166.7936508,29.72301587,21.86634921,35.10920635,25.62746032,0
5/3/2022,2022,5,3,72.90126984,13.11396825,99.94460317,2.514285714,165.2,28.50952381,22.80873016,32.48666667,25.34714286,0
5/4/2022,2022,5,4,73.67539683,10.47142857,100.0669841,1.913015873,164.2666667,28.42126984,22.77190476,32.53698413,24.89793651,0
5/5/2022,2022,5,5,71.67857143,7.642063492,99.96634921,1.524126984,166.9650794,28.62507937,22.51111111,32.84777778,24.97,1
5/6/2022,2022,5,6,71.99809524,11.17444444,99.90746032,1.524444444,169.9,28.73047619,22.73396825,33.19984127,24.75666667,1
5/7/2022,2022,5,7,67.07396825,1.761746032,99.87174603,1.255079365,145.8380952,29.63587302,22.18285714,34.33888889,25.3484127,0
5/8/2022,2022,5,8,66.42222222,1.956507937,99.82571429,1.730634921,163.4111111,29.92857143,22.24666667,34.90904762,25.14968254,5
5/9/2022,2022,5,9,73.70904762,16.90444444,99.89650794,2.86968254,152.752381,28.81730159,23.14888889,32.80269841,25.57730159,1
5/10/2022,2022,5,10,81.6368254,25.32365079,99.9115873,2.774444444,162.2428571,27.72269841,24.08968254,30.74174603,25.36761905,2
5/11/2022,2022,5,11,81.43111111,24.42825397,99.78666667,3.398888889,188.1968254,28.61952381,24.88587302,32.15619048,25.77079365,0
5/12/2022,2022,5,12,79.91793651,17.12460317,99.68952381,3.658412698,200.1920635,29.25126984,25.14238095,32.81301587,26.49047619,0
5/13/2022,2022,5,13,82.20936508,29.79634921,99.44142857,4.276031746,198.2587302,29.22126984,25.62793651,32.74238095,26.52714286,1
5/14/2022,2022,5,14,80.59301587,16.98396825,99.47920635,4.467301587,196.2238095,29.81603175,25.70619048,34.36809524,26.7015873,3
5/15/2022,2022,5,15,82.22555556,10.53777778,99.70809524,4.055238095,195.6507937,29.6215873,26.00984127,33.1752381,27.13507937,1
5/16/2022,2022,5,16,84.21777778,11.14730159,99.67380952,3.414285714,179.4428571,29.06015873,25.89222222,32.06571429,27.00444444,8
5/17/2022,2022,5,17,84.52031746,21.11206349,99.60698413,3.583809524,186.7952381,28.79031746,25.65825397,31.74380952,26.76095238,12
5/18/2022,2022,5,18,84.84968254,21.93746032,99.73190476,3.334603175,179.3888889,28.56492063,25.58047619,31.15952381,26.72492063,5
5/19/2022,2022,5,19,82.29111111,20.66095238,99.73650794,3.333492063,187.2079365,29.26809524,25.57380952,33.03539683,26.48238095,5
5/20/2022,2022,5,20,82.42730159,19.58,99.58238095,3.040634921,175.3095238,29.05761905,25.4347619,32.49111111,26.54761905,0
5/21/2022,2022,5,21,85.71539683,34.70333333,99.26,2.736190476,172.2619048,28.71190476,25.85777778,31.93269841,26.34,9
5/22/2022,2022,5,22,80.63634921,14.8215873,99.20126984,2.04952381,200.331746,28.8284127,24.84428571,32.62746032,25.51873016,6
5/23/2022,2022,5,23,79.33746032,13.44285714,99.3168254,1.866349206,159.7206349,28.7715873,24.50174603,32.40492063,25.71015873,15
5/24/2022,2022,5,24,75.73857143,5.533015873,99.63126984,1.231587302,155.2412698,29.4747619,24.34444444,33.40619048,25.53222222,12
5/25/2022,2022,5,25,77.5415873,9.526031746,99.72825397,1.477619048,200.8301587,29.27761905,24.63,32.40920635,26.49666667,6
5/26/2022,2022,5,26,77.11888889,9.697936508,99.62698413,2.035714286,211.5111111,29.07746032,24.15079365,32.70873016,25.72031746,7
5/27/2022,2022,5,27,76.62507937,8.833968254,99.42825397,2.227460317,184.5619048,29.26952381,24.24142857,33.23714286,25.73539683,6
5/28/2022,2022,5,28,76.4647619,8.204761905,99.3568254,1.68015873,167.3428571,29.40095238,24.3568254,33.35253968,25.88190476,15
5/29/2022,2022,5,29,80.95,19.25555556,99.41666667,1.850952381,149.9968254,29.0484127,25.13063492,32.32031746,26.25047619,10
5/30/2022,2022,5,30,82.47920635,12.98269841,99.44539683,1.877777778,161.6190476,28.57190476,25.05253968,31.58650794,26.0747619,18
5/31/2022,2022,5,31,81.77587302,7.284126984,99.38920635,2.029047619,165.6984127,28.64253968,24.99365079,31.69253968,26.00857143,14
6/1/2022,2022,6,1,83.62142857,11.41698413,99.43714286,2.446825397,173.3031746,28.62349206,25.40857143,31.51238095,26.41349206,9
6/2/2022,2022,6,2,81.46285714,7.72,99.46952381,2.72968254,182.1539683,28.87079365,25.08539683,32.05603175,26.35873016,20
6/3/2022,2022,6,3,84.59587302,15.94698413,99.44587302,3.013492063,184.2555556,28.80619048,25.73666667,31.70492063,26.57952381,17
6/4/2022,2022,6,4,84.2715873,18.77650794,99.55904762,3.166984127,173.1460317,28.63492063,25.4884127,31.43539683,26.64650794,13
6/5/2022,2022,6,5,82.9252381,11.4315873,99.61285714,3.032380952,179.5968254,28.84857143,25.34428571,32.32111111,26.30206349,15
6/6/2022,2022,6,6,82.85206349,10.61571429,99.54492063,3.111746032,179.0222222,28.97095238,25.47555556,32.43063492,26.32666667,20
6/7/2022,2022,6,7,82.2347619,12.41825397,99.46190476,2.908730159,181.0301587,29.38015873,25.73396825,32.84190476,26.56126984,17
6/8/2022,2022,6,8,85.04857143,15.64412698,99.3984127,2.955396825,180.1095238,29.0447619,26.1,31.71079365,26.90809524,16
6/9/2022,2022,6,9,87.16444444,17.48079365,99.39063492,3.298095238,177.8428571,28.90777778,26.43079365,31.44047619,27.13126984,31
6/10/2022,2022,6,10,83.30063492,18.35396825,99.45507937,2.713968254,180.0619048,28.44920635,25.08730159,31.13761905,26.30571429,17
6/11/2022,2022,6,11,83.91587302,5.107460317,99.47301587,3.122380952,176.8714286,28.60063492,25.40666667,31.85396825,25.90349206,20
6/12/2022,2022,6,12,84.43634921,17.93396825,99.57015873,3.341111111,172.5761905,29.11984127,26.01,32.2947619,26.57507937,24
6/13/2022,2022,6,13,83.7531746,14.03365079,99.6431746,3.487936508,184.2190476,29.60904762,26.23190476,33.03333333,26.98047619,18
6/14/2022,2022,6,14,86.19730159,16.91460317,99.60507937,3.644444444,179.768254,29.15047619,26.4047619,32.09,27.10507937,18
6/15/2022,2022,6,15,87.83,19.02269841,99.64047619,3.691746032,186.5571429,28.40825397,26.08777778,30.70079365,26.91047619,22
6/16/2022,2022,6,16,87.87031746,31.34634921,99.7331746,3.991111111,189.0857143,27.93650794,25.63873016,30.07031746,26.4168254,31
6/17/2022,2022,6,17,89.95174603,40.26,99.7652381,3.985714286,195.8,27.65888889,25.79952381,29.61825397,26.3552381,29
6/18/2022,2022,6,18,88.81920635,57.08777778,99.75746032,4.217301587,202.6349206,27.70063492,25.61190476,29.76285714,26.26396825,40
6/19/2022,2022,6,19,87.99111111,43.19809524,99.67206349,3.772857143,201.9746032,27.61825397,25.33761905,29.81698413,26.03809524,24
6/20/2022,2022,6,20,87.85190476,29.85460317,99.48126984,3.643809524,216.3301587,27.50777778,25.24238095,29.68920635,25.84492063,27
6/21/2022,2022,6,21,87.91873016,18.04428571,99.37603175,2.495079365,191.4380952,27.62714286,25.36206349,29.86666667,25.72825397,27
6/22/2022,2022,6,22,84.84936508,10.28380952,99.6931746,2.166825397,186.2571429,27.86206349,24.92984127,30.7668254,25.56873016,27
6/23/2022,2022,6,23,85.34079365,9.612222222,99.76587302,2.67984127,181.3936508,28.04047619,25.17539683,31.19269841,25.25492063,29
6/24/2022,2022,6,24,86.56666667,6.173650794,99.65857143,2.933492063,172.331746,28.02730159,25.45285714,30.65936508,25.92190476,21
6/25/2022,2022,6,25,85.39761905,7.653333333,99.51968254,3.112857143,162.6857143,28.31984127,25.48936508,31.44793651,25.7,35
6/26/2022,2022,6,26,85.82825397,5.903968254,99.70063492,2.900634921,171.8873016,28.21539683,25.48095238,30.98412698,26.01603175,32
6/27/2022,2022,6,27,84.2284127,6.031111111,99.77365079,2.569047619,191.6857143,28.65666667,25.56079365,31.65873016,26.07047619,17
6/28/2022,2022,6,28,86.84555556,11.7868254,99.65349206,2.927301587,184.9698413,28.08492063,25.5815873,30.44587302,26.36079365,47
6/29/2022,2022,6,29,87.13666667,14.95365079,99.54063492,2.651269841,175.8857143,28.05047619,25.62190476,30.36714286,26.01063492,40
6/30/2022,2022,6,30,88.17492063,12.7784127,99.49428571,2.357619048,174.9380952,27.89396825,25.69714286,30.00619048,26.01968254,33
7/1/2022,2022,7,1,87.74888889,14.95380952,99.37761905,2.438888889,180.3063492,28.45809524,26.11142857,31.28904762,26.17571429,22
7/2/2022,2022,7,2,87.26174603,14.8068254,99.24492063,2.411904762,158.4968254,28.23555556,25.82206349,30.86984127,26.32507937,49
7/3/2022,2022,7,3,87.1315873,5.858888889,99.31714286,2.786825397,167.1603175,28.30444444,25.86904762,31.02746032,26.15698413,42
7/4/2022,2022,7,4,86.74142857,6.231428571,99.2884127,2.231587302,164.5015873,28.40031746,25.87666667,31.22746032,26.22603175,36
7/5/2022,2022,7,5,85.06190476,3.046349206,99.3347619,2.627777778,136.8238095,28.69047619,25.76444444,31.83777778,26.09380952,46
7/6/2022,2022,7,6,87.95238095,12.15380952,99.64666667,2.818095238,149.0904762,28.26460317,26.00190476,30.68793651,26.49396825,32
7/7/2022,2022,7,7,85.21888889,3.538571429,99.74555556,2.562698413,161.8238095,28.51777778,25.6231746,31.77190476,25.84857143,31
7/8/2022,2022,7,8,85.46888889,3.507619048,99.56587302,2.738095238,165.0206349,28.48730159,25.66920635,31.48904762,26.09936508,29
7/9/2022,2022,7,9,83.55825397,2.329206349,99.42222222,2.849365079,150.3730159,28.56031746,25.28793651,32.00444444,25.82333333,17
7/10/2022,2022,7,10,84.55857143,5.895873016,99.35746032,3.214761905,150.1603175,28.70253968,25.67777778,32.04174603,25.87761905,4
7/11/2022,2022,7,11,85.3584127,5.617619048,99.44460317,3.552063492,139.2412698,28.3815873,25.55333333,31.31746032,26.12698413,7
7/12/2022,2022,7,12,83.85285714,3.969047619,99.29730159,3.63015873,129.5269841,28.95238095,25.76746032,32.30873016,26.25603175,73
7/13/2022,2022,7,13,83.82809524,3.376031746,99.11063492,3.713015873,131.2634921,29.33555556,26.13857143,32.66587302,26.65063492,51
7/14/2022,2022,7,14,85.23492063,3.79031746,99.18888889,3.468730159,135.315873,28.96190476,26.12412698,31.83904762,26.78634921,51
7/15/2022,2022,7,15,84.25444444,5.753809524,99.40825397,3.192539683,140.5412698,29.0847619,26.00587302,32.17460317,26.69650794,31
7/16/2022,2022,7,16,83.93857143,4.405238095,99.49603175,3.522063492,142.0015873,29.25555556,26.0784127,32.73349206,26.49269841,60
7/17/2022,2022,7,17,84.26063492,9.663015873,99.66126984,3.646825397,155.5714286,29.20619048,26.10365079,32.50920635,26.69412698,53
7/18/2022,2022,7,18,82.95714286,4.616507937,99.64142857,3.13,182.1936508,29.03555556,25.62492063,32.41587302,26.34380952,66
7/19/2022,2022,7,19,84.14730159,8.151587302,99.50809524,3.163015873,192.7238095,28.89269841,25.78253968,31.81063492,26.67063492,51
7/20/2022,2022,7,20,85.10190476,14.63126984,99.50857143,2.836507937,182.7952381,28.89698413,25.96761905,31.74984127,26.70952381,70
7/21/2022,2022,7,21,85.07571429,8.753174603,99.5915873,2.584761905,159.4873016,28.87825397,25.97031746,31.81571429,26.62968254,69
7/22/2022,2022,7,22,86.26888889,5.752063492,99.67269841,2.497301587,152.0142857,28.80888889,26.17634921,31.64349206,26.66301587,35
7/23/2022,2022,7,23,87.24904762,16.38698413,99.68285714,2.712222222,158.9095238,28.22444444,25.80507937,30.62857143,26.43619048,67
7/24/2022,2022,7,24,88.1052381,20.54730159,99.80730159,2.728571429,170.6428571,27.70349206,25.50412698,29.68269841,26.18444444,65
7/25/2022,2022,7,25,84.86587302,18.80015873,100.064127,1.99,156.0873016,27.39,24.5168254,29.7052381,25.60492063,60
7/26/2022,2022,7,26,81.57301587,8.604444444,100.124127,1.51047619,212.952381,27.89936508,24.28888889,31.0852381,25.22412698,99
7/27/2022,2022,7,27,82.07444444,5.049206349,100.011746,1.626666667,226.9571429,28.43507937,24.92174603,31.66936508,25.6184127,61
7/28/2022,2022,7,28,84.11619048,7.962222222,100.0119048,1.716825397,242.6,28.3752381,25.32539683,31.04666667,26.20571429,64
7/29/2022,2022,7,29,81.65015873,6.332063492,99.89984127,1.633015873,230.4952381,28.85349206,25.21936508,32.06968254,25.93968254,65
7/30/2022,2022,7,30,84.82634921,8.391111111,99.72936508,2.034126984,216.7079365,28.93698413,26.00825397,31.92111111,26.55730159,85
7/31/2022,2022,7,31,88.93984127,19.21460317,99.55587302,2.468571429,195.747619,28.28857143,26.2447619,30.12047619,26.95825397,80
8/1/2022,2022,8,1,87.92285714,15.30031746,99.54761905,1.985396825,202.8206349,28.68698413,26.42714286,30.98777778,26.8068254,87
8/2/2022,2022,8,2,84.11539683,13.02460317,99.51984127,1.516031746,188.6063492,29.1952381,26.09063492,32.33587302,26.40873016,65
8/3/2022,2022,8,3,86.71079365,16.67428571,99.67634921,1.585079365,174.7349206,28.31174603,25.82079365,30.56460317,26.54619048,77
8/4/2022,2022,8,4,84.9331746,12.60746032,99.66952381,1.87015873,141.9460317,28.61396825,25.7168254,31.49190476,25.99793651,91
8/5/2022,2022,8,5,85.44603175,10.83793651,99.47349206,1.752698413,154.5730159,28.99714286,26.20269841,31.91333333,26.61269841,40
8/6/2022,2022,8,6,87.12825397,9.61984127,99.30365079,1.95968254,147.215873,28.57428571,26.14507937,31.05761905,26.65238095,77
8/7/2022,2022,8,7,83.50984127,9.76031746,99.20222222,2.425079365,129.0666667,29.38952381,26.14111111,32.70650794,26.37428571,87
8/8/2022,2022,8,8,87.72015873,11.51888889,99.14253968,3.483968254,130.0507937,28.36873016,26.08206349,30.77857143,26.45793651,79
8/9/2022,2022,8,9,87.43698413,15.48238095,99.19126984,4.157936508,131.9015873,28.2852381,25.9084127,31.13031746,26.15492063,53
8/10/2022,2022,8,10,89.43555556,17.85587302,99.21761905,4.393968254,133.7777778,27.75698413,25.82142857,29.97015873,26.06920635,92
8/11/2022,2022,8,11,88.25698413,12.63301587,99.41888889,3.373809524,152.4587302,27.93714286,25.74015873,30.47555556,25.89190476,90
8/12/2022,2022,8,12,84.32333333,4.683809524,99.38460317,1.698571429,181.0666667,28.58428571,25.51857143,31.95873016,25.53730159,53
8/13/2022,2022,8,13,87.63333333,9.332222222,99.25444444,2.923015873,130.5634921,28.20666667,25.87253968,31.21634921,26.0215873,92
8/14/2022,2022,8,14,88.59809524,20.14190476,99.53444444,5.226825397,132.0761905,27.70650794,25.59269841,30.34777778,25.8315873,116
8/15/2022,2022,8,15,87.38206349,7.861428571,99.90634921,3.548253968,155.784127,28.02047619,25.63650794,30.88460317,25.83428571,96
8/16/2022,2022,8,16,84.61285714,3.813015873,99.84539683,1.952063492,226.2666667,28.67714286,25.68952381,31.85444444,25.84761905,128
8/17/2022,2022,8,17,83.5352381,3.333015873,99.59365079,1.779047619,259.8634921,29.34063492,26.10285714,32.42349206,26.25285714,98
8/18/2022,2022,8,18,83.31444444,9.205873016,99.25349206,1.953809524,183.7142857,29.93428571,26.65301587,32.94015873,27.09460317,93
8/19/2022,2022,8,19,86.41460317,26.37619048,99.27587302,4.118730159,118.2380952,28.55365079,25.97873016,31.25015873,26.42206349,54
8/20/2022,2022,8,20,86.28920635,10.28571429,99.5052381,4.252539683,142.1111111,28.11825397,25.52333333,31.02174603,26.01587302,117
8/21/2022,2022,8,21,86.68333333,6.460952381,99.51285714,2.467301587,156.8666667,28.0815873,25.55412698,31.05809524,25.65190476,135
8/22/2022,2022,8,22,84.83301587,4.225873016,99.4715873,1.573333333,191.9444444,28.76698413,25.8168254,32.04380952,26.00571429,139
8/23/2022,2022,8,23,87.80111111,28.30190476,99.68428571,2.100793651,162.2142857,28.13777778,25.86031746,30.65650794,26.14,153
8/24/2022,2022,8,24,86.90492063,10.50365079,99.8515873,2.685714286,155.2984127,27.77761905,25.29873016,30.84666667,25.41396825,165
8/25/2022,2022,8,25,84,2.31968254,99.74952381,1.853333333,195.115873,28.20714286,25.09190476,31.68444444,25.30904762,180
8/26/2022,2022,8,26,84.67063492,0.893968254,99.60587302,2.01952381,220.8285714,28.34,25.36380952,31.68095238,25.61095238,68
8/27/2022,2022,8,27,88.42095238,8.023333333,99.61301587,2.726031746,191.9333333,27.75079365,25.60714286,30.12920635,25.90238095,131
8/28/2022,2022,8,28,86.7984127,9.971428571,99.85444444,2.838730159,171.3095238,27.9,25.40047619,30.78269841,25.78285714,176
8/29/2022,2022,8,29,85.18460317,6.745079365,100.0807937,1.85984127,186.868254,28.25349206,25.40634921,31.33714286,25.76349206,201
8/30/2022,2022,8,30,83.40333333,6.120793651,100.1077778,1.692698413,224.6857143,28.43285714,25.20142857,31.4547619,26.07015873,237
8/31/2022,2022,8,31,85.97619048,6.485079365,99.92730159,1.863492063,212.0555556,28.49063492,25.81587302,31.62587302,25.71698413,251
9/1/2022,2022,9,1,87.71492063,12.77095238,100.002381,1.959206349,206.6555556,27.90301587,25.60571429,30.04492063,26.24460317,176
9/2/2022,2022,9,2,87.77555556,14.05650794,100.0379365,2.097619048,221.1952381,27.97063492,25.69047619,30.53555556,26.05587302,90
9/3/2022,2022,9,3,87.19111111,17.30238095,99.76555556,2.571111111,222.7650794,28.62857143,26.20555556,31.45809524,26.25873016,245
9/4/2022,2022,9,4,88.79428571,18.00936508,99.74015873,2.445714286,211.6825397,28.62952381,26.54492063,31.09746032,26.91460317,213
9/5/2022,2022,9,5,89.40698413,12.33285714,99.81285714,2.034920635,201.231746,28.18603175,26.22619048,30.18634921,26.78746032,208
9/6/2022,2022,9,6,88.09952381,16.60396825,99.9115873,1.275873016,192.768254,28.11920635,25.89888889,30.33888889,26.49349206,284
9/7/2022,2022,9,7,86.57206349,9.93968254,100.0125397,1.321746032,137.447619,28.26650794,25.74,30.77285714,25.95873016,279
9/8/2022,2022,9,8,84.86492063,11.92666667,100.0457143,1.622222222,92.06666667,29.0431746,26.13,32.05015873,26.37333333,275
9/9/2022,2022,9,9,86.31396825,12.56206349,100.0206349,1.990793651,115.8412698,28.48619048,25.88301587,31.14650794,26.39095238,145
9/10/2022,2022,9,10,89.63253968,14.50269841,99.9668254,2.798095238,140.7888889,27.61746032,25.71952381,29.72142857,26.02571429,294
9/11/2022,2022,9,11,90.84666667,30.82333333,99.86666667,3.363650794,142.6301587,27.19809524,25.54492063,28.81047619,25.98380952,360
9/12/2022,2022,9,12,92.62619048,41.61761905,99.81365079,3.577936508,150.1095238,27.00206349,25.7015873,28.52333333,25.7915873,345
9/13/2022,2022,9,13,92.78698413,39.64634921,99.95714286,3.298888889,182.015873,27.18079365,25.90730159,28.86650794,25.96365079,353
9/14/2022,2022,9,14,90.4484127,32.6684127,100.1015873,2.674126984,191.015873,27.06365079,25.32873016,29.06793651,25.55761905,389
9/15/2022,2022,9,15,90.20507937,22.41952381,99.89952381,2.29015873,217.4984127,27.26730159,25.48555556,29.53333333,25.4131746,395
9/16/2022,2022,9,16,90.23698413,14.69380952,99.60619048,1.920634921,220.4984127,27.47206349,25.68793651,29.79428571,25.57888889,164
9/17/2022,2022,9,17,87.91063492,6.896349206,99.63444444,1.771428571,203.2142857,28.0147619,25.73603175,30.97126984,25.6031746,381
9/18/2022,2022,9,18,86.1715873,4.071111111,99.69174603,1.315396825,157.052381,28.33936508,25.7184127,31.12412698,25.88507937,399
9/19/2022,2022,9,19,88.90952381,11.69746032,99.77047619,2.586190476,141.1047619,27.92349206,25.86809524,30.7252381,25.94301587,392
9/20/2022,2022,9,20,88.9268254,5.212539683,99.78825397,3.619365079,141.9396825,27.76873016,25.72095238,30.42698413,25.85285714,438
9/21/2022,2022,9,21,88.5668254,4.532539683,99.87603175,2.944603175,161.7936508,27.75698413,25.6368254,30.43888889,25.78761905,431
9/22/2022,2022,9,22,88.11904762,4.367777778,99.9168254,2.237777778,177.3,27.81888889,25.59650794,30.6268254,25.64825397,437
9/23/2022,2022,9,23,87.80888889,3.461111111,99.92539683,1.968571429,192.947619,27.59666667,25.3231746,30.06571429,25.68174603,125
9/24/2022,2022,9,24,88.09349206,6.062857143,99.87428571,1.746825397,181.2507937,27.34460317,25.13412698,29.7284127,25.62714286,440
9/25/2022,2022,9,25,85.11063492,5.782063492,99.95079365,1.316031746,168.8650794,27.5768254,24.76142857,30.00634921,25.24333333,440
9/26/2022,2022,9,26,84.6315873,3.531111111,100.0060317,1.048095238,187.4238095,27.54095238,24.63746032,30.10253968,25.20730159,482
9/27/2022,2022,9,27,86.5547619,7.842539683,99.88047619,1.154920635,227.4142857,27.40968254,24.8884127,29.85888889,25.40174603,460
9/28/2022,2022,9,28,85.27142857,4.471269841,99.79650794,1.042857143,194.5428571,27.53460317,24.74507937,30.14253968,25.38047619,524
9/29/2022,2022,9,29,80.85126984,2.852222222,99.76984127,0.965714286,198.5555556,28.46936508,24.73,31.53285714,25.61539683,506
9/30/2022,2022,9,30,81.32111111,1.32968254,99.72587302,1.341428571,287.5761905,28.69603175,25.03,32.16650794,25.35412698,240
10/1/2022,2022,10,1,83.91142857,7.928253968,99.64460317,1.183492063,221.4936508,28.57809524,25.47761905,31.59603175,25.81904762,635
10/2/2022,2022,10,2,90.57539683,25.13079365,99.5847619,1.632698413,136.3222222,27.40650794,25.69444444,29.36206349,25.9415873,568
10/3/2022,2022,10,3,90.73111111,21.33714286,99.83269841,2.154761905,136.0349206,27.18873016,25.51079365,29.34603175,25.57650794,525
10/4/2022,2022,10,4,88.80460317,15.79380952,100.1574603,2.276190476,142.1238095,27.45396825,25.38857143,29.74333333,25.72126984,482
10/5/2022,2022,10,5,87.75238095,10.38269841,100.278254,1.798730159,156.2904762,27.48380952,25.19507937,30.28761905,25.29126984,344
10/6/2022,2022,10,6,86.54777778,4.904920635,100.3220635,1.607777778,178.8904762,27.3968254,24.85952381,30.36793651,25.01666667,637
10/7/2022,2022,10,7,84.28492063,2.790793651,100.2912698,1.381269841,167.0857143,27.31873016,24.29920635,30.24777778,24.98650794,240
10/8/2022,2022,10,8,84.29492063,5.020952381,100.3131746,1.315079365,212.6174603,27.51412698,24.52222222,30.38396825,24.92634921,712
10/9/2022,2022,10,9,88.20396825,9.902380952,100.4501587,1.686190476,204.4015873,27.12492063,24.93968254,29.75714286,25.07285714,334
10/10/2022,2022,10,10,88.77873016,12.46396825,100.4857143,1.607301587,213.5539683,26.94349206,24.87809524,29.47412698,25.08269841,624
10/11/2022,2022,10,11,90.73301587,17.86730159,100.3271429,2.058888889,208.0809524,26.87047619,25.19365079,29.22809524,25.18190476,677
10/12/2022,2022,10,12,89.96031746,18.13539683,100.3419048,1.64047619,208.1777778,26.52142857,24.7031746,28.41,25.16809524,647
10/13/2022,2022,10,13,86.00746032,11.65888889,100.3374603,1.051111111,207.7444444,26.71825397,24.0784127,29.38730159,24.67650794,765
10/14/2022,2022,10,14,83.5452381,4.673650794,100.2828571,1.056031746,233.1571429,26.93952381,23.78873016,29.88444444,24.45253968,310
10/15/2022,2022,10,15,83.6952381,1.781111111,100.2377778,1.591587302,215.3857143,26.56809524,23.43555556,30.26730159,23.61206349,734
10/16/2022,2022,10,16,82.27714286,1.047936508,100.4055556,1.802222222,273.0079365,26.39650794,22.94571429,30.71126984,22.72031746,855
10/17/2022,2022,10,17,81.77904762,2.008730159,100.4352381,1.378253968,262.0825397,26.67666667,23.1368254,30.63095238,23.21095238,857
10/18/2022,2022,10,18,80.44619048,0.945079365,100.3661905,1.211904762,214.4285714,26.85793651,23.04539683,30.32698413,23.62761905,900
10/19/2022,2022,10,19,82.13301587,1.699206349,100.3657143,1.404444444,144.8301587,26.13460317,22.70936508,29.44269841,23.33730159,864
10/20/2022,2022,10,20,82.16904762,0.445555556,100.4669841,1.895714286,183.168254,25.97126984,22.51015873,30.26253968,22.5784127,896
10/21/2022,2022,10,21,82.16952381,0.129206349,100.5690476,1.92015873,164.3460317,26.13873016,22.67444444,30.50142857,22.25603175,409
10/22/2022,2022,10,22,79.8215873,0.123492063,100.5611111,1.818095238,77.86825397,26.4847619,22.47285714,31.14825397,22.49047619,922
10/23/2022,2022,10,23,87.43142857,20.5168254,100.4169841,2.065079365,55.52063492,25.13619048,22.80539683,28.59285714,22.46206349,1034
10/24/2022,2022,10,24,92.60015873,103.152381,99.7768254,4.788412698,67.03174603,23.97666667,22.70111111,25.68650794,22.26952381,903
10/25/2022,2022,10,25,85.15619048,12.66396825,100.0414286,2.69047619,271.4396825,24.1684127,21.40777778,27.64365079,21.07571429,750
10/26/2022,2022,10,26,80.08761905,3.824444444,100.5807937,1.394285714,157.415873,24.60015873,20.74873016,28.16746032,20.95587302,923
10/27/2022,2022,10,27,75.66507937,0.007460317,100.5525397,1.380793651,149.4031746,24.6152381,19.78460317,28.7415873,21.06904762,899
10/28/2022,2022,10,28,76.06111111,0.003492063,100.4909524,1.533809524,167.1222222,23.93,19.24698413,28.36603175,19.76238095,440
10/29/2022,2022,10,29,76.43857143,0.114603175,100.4812698,1.48984127,216.7634921,24.18253968,19.55539683,28.47555556,19.63571429,869
10/30/2022,2022,10,30,78.02952381,0.876507937,100.4604762,1.321746032,211.4904762,24.7931746,20.49269841,29.25,20.5152381,1020
10/31/2022,2022,10,31,80.32555556,0.789047619,100.5138095,1.381746032,255.852381,25.21269841,21.41587302,29.58587302,21.18793651,873
11/1/2022,2022,11,1,82.59063492,0.824444444,100.5553968,1.585873016,256.2190476,25.22222222,21.86952381,29.71492063,21.2468254,983
11/2/2022,2022,11,2,81.89142857,0.525555556,100.4169841,1.617142857,297.631746,25.13888889,21.66968254,29.11222222,21.65190476,1094
11/3/2022,2022,11,3,79.9847619,0.142063492,100.4293651,1.596190476,307.0587302,24.26365079,20.40968254,28.00190476,20.80063492,882
11/4/2022,2022,11,4,75.78095238,0.02047619,100.6068254,1.355555556,247.5015873,24.20190476,19.45825397,28.27571429,19.91063492,428
11/5/2022,2022,11,5,73.83206349,0.08,100.7622222,1.052380952,199.1539683,25.02952381,19.82,29.09333333,20.91111111,788
11/6/2022,2022,11,6,74.36698413,0.629206349,100.7565079,1.054126984,214.2666667,24.85809524,19.77920635,28.56634921,21.13222222,908
11/7/2022,2022,11,7,74.71555556,0.324761905,100.7074603,1.198730159,236.6285714,24.1715873,19.16412698,28.17285714,20.19190476,875
11/8/2022,2022,11,8,71.89460317,0,100.7077778,1.127142857,185.6746032,24.01809524,18.39619048,28.07380952,19.80730159,820
11/9/2022,2022,11,9,73.18095238,0,100.7315873,1.162698413,137.4031746,23.79666667,18.50698413,27.73190476,20.03761905,796
11/10/2022,2022,11,10,73.63031746,0,100.7168254,1.227619048,115.8984127,23.51650794,18.28587302,27.45920635,19.4815873,888
11/11/2022,2022,11,11,74.85428571,0,100.6914286,1.279206349,241.5920635,23.20555556,18.24079365,27.64730159,18.86634921,266
11/12/2022,2022,11,12,77.35333333,0.002539683,100.6365079,1.615873016,274.5603175,22.94920635,18.5731746,27.67285714,19.00428571,918
11/13/2022,2022,11,13,76.77253968,0.119047619,100.6450794,1.894285714,242.3460317,21.5531746,16.98238095,26.34031746,17.37285714,859
11/14/2022,2022,11,14,73.67984127,0.192857143,100.6542857,1.637460317,250.2126984,21.56174603,16.36126984,26.59968254,16.64888889,760
11/15/2022,2022,11,15,73.44968254,0.000634921,100.591746,1.387619048,264.9761905,21.86793651,16.63507937,26.77063492,17.10111111,692
11/16/2022,2022,11,16,76.24492063,0.006666667,100.487619,1.501111111,235.631746,21.63031746,17.03857143,26.4515873,17.07111111,675
11/17/2022,2022,11,17,76.96396825,0.003968254,100.4803175,1.764603175,189.0777778,21.76825397,17.31206349,26.91492063,17.05809524,685
11/18/2022,2022,11,18,77.86095238,0.001428571,100.6207937,2.165873016,193.2460317,20.91269841,16.62349206,26.0652381,16.59142857,250
11/19/2022,2022,11,19,76.47952381,0.034920635,100.5842857,2.027777778,220.5301587,20.90063492,16.31587302,26.87285714,15.51666667,559
11/20/2022,2022,11,20,76.43063492,0.41952381,100.4522222,1.696507937,241.352381,21.95571429,17.34714286,27.52698413,16.64603175,646
11/21/2022,2022,11,21,77.2515873,0.333333333,100.3946032,1.904285714,304.9,21.37507937,16.96603175,26.78269841,17.03301587,606
11/22/2022,2022,11,22,77.79761905,0.555555556,100.4566667,1.927460317,315.715873,20.69809524,16.41206349,26.29126984,16.04650794,515
11/23/2022,2022,11,23,79.37111111,0.944285714,100.4926984,1.913174603,296.5206349,20.3431746,16.42603175,25.7068254,15.89619048,477
11/24/2022,2022,11,24,77.08365079,0.936031746,100.515873,1.902857143,266.1904762,20.22873016,15.77412698,26.19587302,15.15380952,519
11/25/2022,2022,11,25,77.19444444,10.92095238,100.582381,1.716031746,246.0444444,20.88507937,16.47539683,26.77777778,15.41650794,221
11/26/2022,2022,11,26,76.4247619,3.157936508,100.4333333,1.374603175,256.1047619,21.34333333,16.7852381,26.54126984,16.26349206,462
11/27/2022,2022,11,27,74.21793651,0.146349206,100.2795238,1.121587302,220.1428571,21.22238095,16.18761905,25.96619048,16.46634921,523
11/28/2022,2022,11,28,76.74333333,0.068730159,100.3647619,1.28031746,123.2634921,21.45,16.9615873,26.51174603,16.51825397,366
11/29/2022,2022,11,29,76.79396825,0.238095238,100.5019048,1.26952381,187.4,22.52809524,17.99365079,27.56952381,17.74793651,436
11/30/2022,2022,11,30,78.74809524,0.030793651,100.5849206,1.517142857,267.4206349,22.28095238,18.18793651,27.35142857,18.05587302,426
12/1/2022,2022,12,1,78.51047619,0.006190476,100.5511111,1.9,307.0793651,21.4184127,17.22984127,26.96873016,17.21142857,380
12/2/2022,2022,12,2,77.61111111,0,100.5373016,1.933968254,313.4571429,20.29365079,15.94650794,26.10047619,15.61365079,120
12/3/2022,2022,12,3,75.3952381,0,100.574127,1.77,304.0666667,19.70285714,14.91206349,25.30412698,14.73952381,351
12/4/2022,2022,12,4,74.66253968,0,100.6266667,1.688253968,281.2888889,19.86206349,14.90031746,25.56095238,14.76492063,410
12/5/2022,2022,12,5,77.41920635,0,100.6907937,1.83952381,304.3174603,19.97285714,15.62634921,25.91984127,14.98301587,308
12/6/2022,2022,12,6,77.92904762,0,100.5795238,1.823333333,293.2349206,19.67079365,15.43793651,25.35619048,14.86730159,269
12/7/2022,2022,12,7,77.48365079,0.00015873,100.568254,1.78015873,282.684127,19.09174603,14.7584127,24.86761905,14.33285714,253
12/8/2022,2022,12,8,76.9331746,0.00015873,100.5887302,1.744920635,211.0190476,19.34857143,14.91238095,24.96015873,14.43714286,246
12/9/2022,2022,12,9,74.8784127,0,100.5701587,1.395714286,223.3920635,19.6131746,14.76190476,24.72619048,14.54730159,118
12/10/2022,2022,12,10,74.33714286,0,100.5677778,1.472380952,247.7095238,20.18047619,15.19460317,25.47,15.26269841,265
12/11/2022,2022,12,11,75.62984127,0,100.6079365,1.617142857,301.0888889,19.81698413,15.06873016,25.51492063,14.97825397,220
12/12/2022,2022,12,12,74.98761905,0,100.5793651,1.467460317,207.3666667,19.66777778,14.73873016,25.14746032,14.70920635,224
12/13/2022,2022,12,13,73.6331746,0,100.5942857,1.282222222,177.0444444,19.97920635,14.82174603,25.24761905,15.27555556,220
12/14/2022,2022,12,14,74.25587302,0,100.6203175,1.30984127,207.8174603,19.91253968,14.86365079,25.03365079,15.32634921,184
12/15/2022,2022,12,15,72.67285714,0,100.5315873,1.558095238,260.5238095,18.9831746,13.50888889,24.57888889,14.35619048,163
12/16/2022,2022,12,16,72.09904762,0,100.5236508,1.861111111,220.5920635,18.04666667,12.47238095,24.13666667,13.16984127,49
12/17/2022,2022,12,17,72.93444444,0,100.6285714,1.632222222,237.5793651,18.38825397,13.07539683,24.32714286,12.99380952,125
12/18/2022,2022,12,18,73.44142857,0,100.6253968,1.28,233.9412698,19.07174603,13.91571429,24.48142857,13.78603175,145
12/19/2022,2022,12,19,73.97634921,0,100.4961905,1.264126984,274.6031746,19.81206349,14.74761905,25.02555556,15.26,113
12/20/2022,2022,12,20,74.42984127,0,100.4834921,1.254285714,272.584127,19.45142857,14.4652381,24.83365079,14.78460317,108
12/21/2022,2022,12,21,75.16507937,0,100.5361905,1.52968254,297.2698413,18.84492063,14.01444444,24.52142857,14.18904762,126
12/22/2022,2022,12,22,72.78,0,100.5179365,1.533333333,286.5460317,18.74730159,13.38333333,24.41380952,13.91698413,89
12/23/2022,2022,12,23,66.31285714,0,100.5646032,1.594444444,271.1015873,18.81206349,11.83761905,24.92047619,13.64920635,39
12/24/2022,2022,12,24,65.55460317,0,100.6049206,1.215079365,212.0730159,18.98952381,11.99238095,24.82746032,13.72888889,89
12/25/2022,2022,12,25,70.21952381,0.095714286,100.7049206,1.185873016,164.3619048,19.86587302,14.0068254,25.00047619,15.52269841,49
12/26/2022,2022,12,26,74.86063492,0.476190476,100.8401587,1.13952381,211.1253968,20.65968254,15.77349206,25.81460317,16.67571429,106
12/27/2022,2022,12,27,78.9652381,2.098571429,100.7715873,1.682698413,247.3269841,20.29730159,16.26857143,25.07777778,16.51825397,62
12/28/2022,2022,12,28,76.43730159,6.064285714,100.8907937,1.35047619,223.8936508,18.66809524,14.05333333,23.54793651,14.5615873,67
12/29/2022,2022,12,29,70.85142857,0.162380952,101.0655556,1.737142857,171.5174603,17.07079365,11.08730159,23.16222222,12.06555556,65
12/30/2022,2022,12,30,68.04269841,0.027619048,101.11,1.331111111,135.4142857,17.2984127,10.84571429,22.69714286,12.50063492,14
12/31/2022,2022,12,31,69.24031746,0,101.0715873,1.097142857,91.2015873,17.78460317,11.60888889,23.23142857,12.8947619,47
1/1/2023,2023,1,1,73.78031746,0.001746032,101.1573016,1.398730159,42.18730159,17.59587302,12.46888889,23.2052381,13.1815873,41
1/2/2023,2023,1,2,73.64174603,0,101.1728571,1.633650794,106.3301587,17.61666667,12.42333333,23.37761905,12.8168254,38
1/3/2023,2023,1,3,73.79222222,0,101.1566667,1.892698413,160.4396825,17.09444444,11.93,23.28222222,12.25253968,48
1/4/2023,2023,1,4,74.28984127,0,101.1396825,2.125555556,230.9380952,16.26047619,11.23650794,22.62031746,11.48492063,49
1/5/2023,2023,1,5,74.58047619,0,101.197619,2.370634921,262.3571429,16.18047619,11.2131746,23.0847619,10.82444444,31
1/6/2023,2023,1,6,72.58793651,0.011269841,101.182381,2.492698413,304.9015873,16.39015873,10.90349206,23.63285714,10.57730159,8
1/7/2023,2023,1,7,73.05063492,0.002698413,101.0238095,2.11015873,286.4222222,16.6468254,11.32904762,23.73396825,10.71396825,27
1/8/2023,2023,1,8,72.59539683,0.003333333,100.9425397,1.651587302,247.5333333,17.10634921,11.67634921,24.16285714,11.39936508,27
1/9/2023,2023,1,9,71.34714286,0.001904762,101.0112698,1.747460317,270.4698413,17.88857143,12.0452381,25.17412698,11.8431746,20
1/10/2023,2023,1,10,67.81888889,0,100.8709524,1.768571429,298.3380952,18.17793651,11.44285714,25.52666667,12.40063492,32
1/11/2023,2023,1,11,67.10968254,0,100.7242857,1.663015873,302.4428571,17.12142857,10.38619048,23.80365079,11.60714286,20
1/12/2023,2023,1,12,64.67555556,0,100.5722222,1.379365079,282.6650794,17.1052381,9.763809524,23.43952381,11.2684127,18
1/13/2023,2023,1,13,63.7584127,0,100.6414286,1.215555556,186.1857143,18.20825397,10.65412698,24.28555556,12.4184127,10
1/14/2023,2023,1,14,71.66619048,0,100.5693651,1.394603175,213.8095238,18.96714286,13.30555556,24.94095238,13.56634921,7
1/15/2023,2023,1,15,72.13555556,0,100.5773016,1.547460317,218.0571429,18.70793651,13.10730159,24.40873016,14.36365079,22
1/16/2023,2023,1,16,69.96444444,0,100.737619,1.615714286,133.3888889,17.56396825,11.57587302,23.36698413,12.79349206,13
1/17/2023,2023,1,17,66.8268254,0.00031746,100.8363492,1.604285714,120.0587302,16.83428571,10.02730159,22.88904762,11.73238095,12
1/18/2023,2023,1,18,64.65634921,0.008730159,101.0157143,1.57952381,91.88412698,16.47031746,9.278571429,22.15761905,11.76888889,14
1/19/2023,2023,1,19,63.44095238,0.000634921,101.0260317,1.894603175,181.3650794,16.16920635,8.660634921,22.51365079,10.92222222,16
1/20/2023,2023,1,20,60.1868254,0,100.9338095,1.673809524,202.4936508,16.70777778,8.350634921,22.99666667,11.07761905,1
1/21/2023,2023,1,21,59.73142857,0.965396825,100.7903175,1.459047619,221.215873,18.0931746,9.424603175,24.46587302,11.85396825,11
1/22/2023,2023,1,22,62.30571429,0,100.745873,1.445079365,150.1190476,18.82031746,10.9984127,25.03920635,13.01,8
1/23/2023,2023,1,23,68.89095238,0,100.6949206,1.454920635,156.268254,19.26809524,12.98015873,25.44809524,13.67190476,15
1/24/2023,2023,1,24,69.78555556,0,100.7192063,1.367619048,77.63492063,20.13031746,13.84206349,26.86650794,14.32444444,14
1/25/2023,2023,1,25,66.29126984,0,100.6907937,1.278730159,130.9936508,20.89285714,13.78063492,27.01571429,15.09396825,12
1/26/2023,2023,1,26,68.26063492,0,100.5987302,1.249365079,222.4095238,21.28873016,14.68095238,27.39936508,15.71666667,2
1/27/2023,2023,1,27,70.60873016,0,100.6260317,1.684285714,247.2888889,21.45111111,15.45333333,27.36920635,16.35095238,2
1/28/2023,2023,1,28,71.01111111,0,100.6007937,1.897936508,249.3095238,20.89539683,14.9415873,26.95809524,15.84111111,6
1/29/2023,2023,1,29,65.53809524,0,100.6628571,1.73968254,202.6746032,20.34174603,12.79714286,26.9252381,14.34174603,14
1/30/2023,2023,1,30,64.28333333,0,100.7620635,1.460634921,209.2126984,21.1315873,13.44238095,28.06142857,14.67793651,7
1/31/2023,2023,1,31,62.62666667,0.150793651,100.5465079,1.572380952,294.0587302,21.3152381,13.05666667,27.47206349,15.70412698,14
2/1/2023,2023,2,1,63.37333333,0,100.5306349,2.427460317,303.8222222,20.91333333,13.15079365,27.21603175,15.99174603,2
2/2/2023,2023,2,2,56.70190476,0,100.6515873,2.529365079,296.6698413,19.28571429,9.440793651,26.62730159,13.01761905,8
2/3/2023,2023,2,3,56.97634921,0,100.5868254,2.106825397,295.0015873,18.95492063,9.347777778,26.37095238,12.5915873,2
2/4/2023,2023,2,4,57.2931746,0,100.4722222,1.827777778,300.3698413,19.21777778,9.731746032,26.15492063,12.8631746,10
2/5/2023,2023,2,5,54.74539683,0,100.4577778,1.511746032,279.847619,19.94793651,9.726031746,26.5647619,14.01492063,5
2/6/2023,2023,2,6,52.49857143,0,100.4838095,1.483968254,252.1142857,20.53984127,9.681587302,26.91269841,14.76587302,11
2/7/2023,2023,2,7,58.85587302,0,100.4098413,1.723809524,227.9365079,20.8715873,11.61111111,27.23968254,14.76380952,7
2/8/2023,2023,2,8,66.42936508,0.00015873,100.4785714,1.831269841,210.4761905,21.44825397,14.02952381,28.15809524,15.6384127,11
2/9/2023,2023,2,9,63.61396825,0.001111111,100.5368254,1.264603175,217.1888889,21.63761905,13.4247619,27.86857143,16.25111111,6
2/10/2023,2023,2,10,56.08793651,0,100.5904762,1.422539683,283.3063492,21.27761905,10.98111111,27.41285714,15.59063492,3
2/11/2023,2023,2,11,57.53730159,0,100.5138095,1.698888889,206.7301587,21.81539683,12.00365079,28.89111111,15.02920635,13
2/12/2023,2023,2,12,61.21460317,0,100.4995238,1.955079365,243.7,21.90126984,12.82253968,28.92349206,16.05253968,14
2/13/2023,2023,2,13,44.17190476,0.00031746,100.6309524,2.247301587,305.3063492,20.10873016,5.452539683,27.24714286,13.13031746,5
2/14/2023,2023,2,14,41.98746032,0,100.6406349,1.584285714,207.2412698,20.26063492,5.578571429,27.59349206,13.72253968,10
2/15/2023,2023,2,15,45.39142857,0,100.5031746,1.242539683,206.1142857,20.51174603,7.156349206,26.80873016,14.4652381,9
2/16/2023,2023,2,16,50.29190476,0.003968254,100.6169841,1.082857143,154.468254,21.53587302,9.858253968,28.01968254,15.7152381,0
2/17/2023,2023,2,17,55.00666667,0.036031746,100.7720635,1.043015873,193.247619,22.21761905,11.96714286,28.21285714,16.93396825,0
2/18/2023,2023,2,18,56.3847619,0.094126984,100.757619,1.035396825,209.131746,22.83396825,12.98825397,28.41619048,17.78555556,5
2/19/2023,2023,2,19,58.51555556,0.024603175,100.6536508,1.223174603,238.9603175,23.20047619,13.9468254,28.71206349,17.91380952,4
2/20/2023,2023,2,20,61.72984127,0.00952381,100.5504762,1.514920635,223.9047619,23.8131746,15.34761905,29.33396825,18.46238095,4
2/21/2023,2023,2,21,66.76015873,0.143333333,100.5465079,1.951111111,207.5571429,24.10380952,16.69873016,29.90460317,19.01015873,1
2/22/2023,2023,2,22,69.58920635,0.563015873,100.4304762,2.59047619,204.6968254,24.48539683,17.33285714,31.40984127,19.01301587,8
2/23/2023,2023,2,23,64.33571429,0.455873016,100.4714286,2.294920635,221.9111111,24.52873016,15.57222222,31.16142857,19.04238095,5
2/24/2023,2023,2,24,63.39492063,0.705555556,100.612381,1.527619048,224.4253968,24.50095238,15.7768254,31.02873016,18.92126984,2
2/25/2023,2023,2,25,56.18174603,0.473492063,100.8657143,1.370793651,138.515873,24.44603175,13.43507937,31.27587302,18.74746032,4
2/26/2023,2023,2,26,49.49857143,0.407936508,100.9788889,1.356984127,187.8238095,24.55206349,11.51857143,31.77825397,17.85555556,8
2/27/2023,2023,2,27,46.96809524,1.125396825,100.9233333,1.410634921,252.7714286,24.5784127,11.10126984,31.34301587,18.75095238,3
2/28/2023,2023,2,28,47.31761905,0.017619048,100.9477778,1.496507937,237.7539683,24.47285714,11.08904762,31.42428571,18.6152381,2
3/1/2023,2023,3,1,50.64396825,0.00031746,100.9606349,1.494761905,175.7809524,24.65873016,12.27396825,31.96492063,18.09603175,3
3/2/2023,2023,3,2,49.44142857,0,100.9295238,1.454126984,220.9873016,25.40238095,12.47904762,32.33095238,18.91126984,16
3/3/2023,2023,3,3,44.77984127,0,100.9161905,1.596031746,301.3888889,26.00365079,11.61936508,32.97412698,19.87349206,1
3/4/2023,2023,3,4,45.8852381,0,100.8644444,1.408730159,211.6968254,26.66095238,12.61904762,33.50920635,20.02428571,2
3/5/2023,2023,3,5,48.21571429,0.003015873,100.7485714,1.542222222,275.6587302,26.69952381,13.28952381,33.72809524,20.20936508,4
3/6/2023,2023,3,6,45.1347619,0.005079365,100.6528571,1.898253968,274.9222222,26.71666667,12.07047619,33.76571429,20.29634921,8
3/7/2023,2023,3,7,43.42126984,0.001428571,100.6995238,1.778730159,294.3396825,26.41555556,10.97047619,33.69142857,19.73888889,2
3/8/2023,2023,3,8,42.37888889,0,100.7785714,1.572063492,223.1730159,26.62,11.28253968,33.40619048,20.74603175,1
3/9/2023,2023,3,9,44.81714286,0.001746032,100.6774603,2.073492063,223.7936508,26.52015873,12.54634921,32.91634921,20.82984127,7
3/10/2023,2023,3,10,44.98761905,0,100.6712698,1.951587302,185.9365079,25.6052381,11.96571429,31.07047619,20.73619048,1
3/11/2023,2023,3,11,45.3352381,0.071904762,100.6580952,1.662539683,211.2730159,26.97380952,13.05396825,33.69761905,20.73428571,2
3/12/2023,2023,3,12,45.78793651,0.141111111,100.5904762,1.736984127,254.052381,27.33301587,13.37301587,34.56571429,20.9652381,3
3/13/2023,2023,3,13,44.54904762,0.060793651,100.4334921,1.594920635,307.2095238,27.6715873,13.08746032,34.73428571,21.19380952,4
3/14/2023,2023,3,14,52.42349206,0.133015873,100.287619,1.864444444,232.2380952,27.11603175,15.20952381,32.87142857,22.09825397,2
3/15/2023,2023,3,15,57.66492063,1.356666667,100.2469841,2.043333333,218.884127,26.94460317,16.34444444,33.15587302,22.03126984,5
3/16/2023,2023,3,16,65.00984127,3.573492063,100.4833333,1.946190476,179.6111111,25.70015873,17.68793651,31.27603175,21.28222222,3
3/17/2023,2023,3,17,66.90285714,3.144444444,100.5528571,1.64047619,127.4206349,25.18888889,17.84698413,29.98380952,21.3068254,0
3/18/2023,2023,3,18,64.09936508,6.12984127,100.4196825,1.38,194.4079365,25.49396825,17.53126984,30.78809524,21.06936508,4
3/19/2023,2023,3,19,77.93746032,18.33603175,100.3246032,1.94047619,177.1079365,23.48539683,19.18619048,26.91460317,21.22460317,7
3/20/2023,2023,3,20,78.33666667,14.8568254,100.2090476,2.503174603,190.415873,23.40095238,19.02111111,27.35968254,20.53650794,2
3/21/2023,2023,3,21,74.21063492,14.6747619,100.2165079,1.937460317,235.6984127,24.28253968,18.78444444,28.70777778,20.21968254,4
3/22/2023,2023,3,22,69.42079365,8.735238095,100.1465079,1.704285714,244.2269841,24.49920635,17.83920635,29.11793651,20.26587302,5
3/23/2023,2023,3,23,64.87650794,3.325873016,100.135873,1.748730159,233.5190476,24.78539683,16.68063492,29.89730159,19.90063492,1
3/24/2023,2023,3,24,64.66365079,1.543015873,100.2934921,1.394603175,208.6190476,25.45587302,17.26095238,31.22873016,19.77746032,0
3/25/2023,2023,3,25,66.39,2.318095238,100.3471429,1.620793651,199.8174603,26.3668254,18.74063492,32.02047619,20.94126984,6
3/26/2023,2023,3,26,67.6084127,1.683333333,100.1490476,2.084761905,216.8126984,27.01730159,19.60412698,32.91507937,21.94587302,0
3/27/2023,2023,3,27,67.8447619,4.113015873,100.1342857,1.901111111,222.7428571,26.9715873,19.48968254,32.59587302,22.10809524,4
3/28/2023,2023,3,28,65.25825397,5.069047619,100.1996825,1.703650794,223.9698413,27.2384127,18.94396825,32.92603175,22.17444444,6
3/29/2023,2023,3,29,68.22031746,8.86047619,100.3392063,1.832222222,206.5111111,26.98301587,19.7268254,32.11746032,22.5068254,2
3/30/2023,2023,3,30,71.28793651,7.271428571,100.2119048,1.905238095,196.3444444,26.56253968,20.14015873,31.50269841,22.03015873,6
3/31/2023,2023,3,31,79.18777778,17.91444444,100.2271429,1.798888889,178.0396825,25.46825397,21.26650794,29.86174603,22.04428571,0
4/1/2023,2023,4,1,81.00666667,26.60857143,100.1795238,1.508095238,226.7761905,24.54968254,20.8684127,27.90492063,22.03952381,4
4/2/2023,2023,4,2,73.50222222,8.993492063,100.0193651,1.904126984,235.9952381,25.16619048,19.42539683,29.73968254,20.8147619,3
4/3/2023,2023,4,3,68.25111111,5.166666667,100.0144444,2.107301587,223.4063492,26.3147619,18.91650794,31.52746032,20.98619048,2
4/4/2023,2023,4,4,68.34603175,3.245714286,100.0836508,2.308412698,212.6904762,27.2447619,19.80571429,32.65206349,22.32825397,5
4/5/2023,2023,4,5,70.89190476,5.842222222,100.028254,2.31968254,220.2634921,27.56349206,20.6031746,33.33269841,22.69603175,5
4/6/2023,2023,4,6,62.70206349,2.962222222,100.2790476,1.536984127,229.3873016,27.67301587,18.1868254,33.64444444,22.13857143,12
4/7/2023,2023,4,7,55.99650794,1.05984127,100.4479365,1.466031746,236.8079365,28.05555556,16.76126984,34.32698413,21.61111111,0
4/8/2023,2023,4,8,54.77190476,0.016984127,100.5566667,1.431111111,242.8444444,28.52587302,17.00015873,34.85761905,22.08396825,1
4/9/2023,2023,4,9,53.90301587,0.246190476,100.4761905,1.573174603,253.7349206,28.83253968,17.01825397,34.80936508,22.87285714,4
4/10/2023,2023,4,10,56.02095238,0.781746032,100.3019048,1.647936508,246.9222222,28.88968254,17.66920635,35.26079365,22.38238095,9
4/11/2023,2023,4,11,54.85063492,0.065396825,100.2725397,1.542698413,237.8111111,29.46269841,17.39412698,35.97142857,23.33428571,6
4/12/2023,2023,4,12,49.60079365,0,100.1706349,1.454761905,234.8555556,29.56698413,15.4631746,36.32126984,22.83190476,4
4/13/2023,2023,4,13,50.21825397,0,100.0863492,1.73968254,222.7238095,29.92079365,16.32460317,36.91428571,22.81,3
4/14/2023,2023,4,14,53.85079365,0,100.0530159,1.443015873,219.7761905,30.79269841,18.39111111,37.86809524,23.90920635,0
4/15/2023,2023,4,15,55.59412698,0.001111111,100.0207937,1.255555556,191.747619,31.11634921,19.50380952,37.79936508,25.16936508,0
4/16/2023,2023,4,16,56.23174603,0.040793651,99.88079365,1.507460317,218.4412698,30.97269841,19.39507937,37.35587302,25.24888889,7
4/17/2023,2023,4,17,61.5468254,0.097142857,99.94952381,2.202063492,199.831746,30.94253968,20.84936508,37.48650794,25.19698413,5
4/18/2023,2023,4,18,64.02492063,0.118095238,100.058254,2.084761905,192.8333333,31.13492063,21.76460317,37.65777778,25.66126984,7
4/19/2023,2023,4,19,63.62571429,0.591587302,99.70650794,2.394920635,200.1142857,31.15285714,21.2668254,37.84873016,25.55507937,0
4/20/2023,2023,4,20,62.41793651,1.747301587,99.46190476,2.618888889,194.9809524,31.32746032,20.96746032,38.03031746,25.76507937,1
4/21/2023,2023,4,21,61.18412698,3.828571429,99.55714286,2.381587302,209.4952381,30.95349206,20.52619048,37.11746032,25.55222222,0
4/22/2023,2023,4,22,57.37031746,2.499206349,99.7147619,1.814126984,201.4888889,30.18904762,19.02825397,36.08539683,25.04603175,0
4/23/2023,2023,4,23,59.86857143,5.654285714,100.0509524,1.946190476,144.3412698,28.48301587,18.95698413,32.7284127,24.98079365,0
4/24/2023,2023,4,24,59.9252381,1.713333333,100.3249206,1.451111111,165.4222222,28.65444444,19.17238095,34.01047619,23.40968254,9
4/25/2023,2023,4,25,57.91507937,2.727301587,100.2949206,1.485873016,270.6444444,28.98111111,19.08507937,34.02444444,23.92698413,11
4/26/2023,2023,4,26,56.97984127,1.255238095,100.1012698,1.46952381,232.5095238,29.57428571,19.16539683,35.22333333,24.05142857,8
4/27/2023,2023,4,27,57.03603175,1.405396825,100.1165079,1.514126984,214.9,30.1515873,19.62428571,35.6447619,24.82380952,13
4/28/2023,2023,4,28,62.67301587,7.877301587,100.1790476,1.683333333,221.831746,28.84809524,20.27603175,33.65206349,24.28349206,0
4/29/2023,2023,4,29,63.35222222,4.807142857,100.0839683,1.766031746,207.1365079,29.56666667,20.96047619,35.05095238,24.63079365,15
4/30/2023,2023,4,30,65.5284127,10.24047619,100.0142857,1.275396825,203.631746,29.05809524,21.27492063,33.85253968,24.90269841,9
5/1/2023,2023,5,1,68.09079365,4.612857143,100.1211111,1.558412698,273.6619048,28.12539683,21.29190476,32.10968254,24.69333333,24
5/2/2023,2023,5,2,61.11730159,0.647142857,100.2169841,1.453809524,243.9555556,28.99619048,20.11015873,33.77285714,24.80412698,27
5/3/2023,2023,5,3,63.67873016,3.427142857,100.2503175,1.845396825,205.6714286,29.23650794,21.03904762,34.08539683,24.7668254,16
5/4/2023,2023,5,4,69.08380952,9.047460317,100.1646032,1.942380952,218.4206349,28.59031746,21.83984127,33.08857143,24.96888889,9
5/5/2023,2023,5,5,69.9752381,6.913333333,99.87698413,1.902857143,229.4857143,28.67365079,22.11126984,32.98587302,24.67380952,4
5/6/2023,2023,5,6,65.62412698,3.376666667,99.75285714,1.777936508,228.0968254,29.59666667,21.39396825,34.72301587,24.98888889,14
5/7/2023,2023,5,7,60.45587302,1.746984127,99.75380952,1.836666667,235.052381,30.36349206,20.3784127,36.23650794,24.92603175,9
5/8/2023,2023,5,8,55.27460317,0.138253968,99.71619048,2.00015873,239.7619048,31.25126984,19.14063492,37.94936508,25.01079365,34
5/9/2023,2023,5,9,54.45222222,0.291587302,99.7284127,2.227777778,241.2079365,31.53492063,19.49063492,38.09888889,25.80047619,21
5/10/2023,2023,5,10,58.16793651,1.157460317,99.80253968,2.279206349,213.9761905,31.69190476,20.70269841,38.25936508,25.93238095,28
5/11/2023,2023,5,11,61.62666667,2.258253968,99.97904762,1.87047619,174.1190476,31.25984127,21.69380952,36.95174603,26.25047619,19
5/12/2023,2023,5,12,65.5115873,4.912222222,99.97666667,1.733809524,138.3587302,30.31190476,22.22444444,35.04507937,25.99571429,5
5/13/2023,2023,5,13,63.51079365,2.651428571,99.83730159,2.626507937,92.34285714,30.32047619,21.56079365,35.81539683,25.71079365,29
5/14/2023,2023,5,14,60.21460317,0.414444444,99.36063492,4.275555556,45.14920635,29.77079365,20.21730159,35.50571429,25.23365079,18
5/15/2023,2023,5,15,58.65888889,1.771269841,99.61634921,2.444285714,187.3444444,29.72873016,19.82031746,35.68333333,24.09492063,18
5/16/2023,2023,5,16,69.63761905,12.33825397,99.85349206,2.894920635,174.1952381,30.24126984,23.11587302,35.52634921,25.97206349,31
5/17/2023,2023,5,17,78.20936508,23.3668254,100.0936508,2.981587302,159.9746032,29.24063492,24.56698413,33.56539683,25.97555556,38
5/18/2023,2023,5,18,83.00190476,28.80555556,100.1831746,2.50952381,171.1253968,28.30015873,24.87952381,31.88285714,25.65857143,29
5/19/2023,2023,5,19,81.18952381,10.74142857,99.96444444,2.393650794,179.7984127,28.72730159,24.74206349,32.73047619,25.50269841,3
5/20/2023,2023,5,20,76.49936508,7.69047619,99.9,2.522539683,187.7,29.39761905,23.98174603,33.89603175,26.02079365,52
5/21/2023,2023,5,21,77.59571429,9.07968254,100.0415873,2.653015873,166.9984127,29.06587302,24.16142857,33.38746032,25.33968254,33
5/22/2023,2023,5,22,80.32174603,10.5684127,100.0698413,2.755714286,163.052381,28.92079365,24.7747619,32.58936508,25.94444444,40
5/23/2023,2023,5,23,82.59730159,18.09079365,100.0568254,2.007301587,159.284127,28.67507937,25.12730159,32.05015873,26.10031746,46
5/24/2023,2023,5,24,81.6631746,23.41507937,99.9731746,1.977936508,158.6650794,27.90222222,24.13666667,31.31920635,25.27968254,35
5/25/2023,2023,5,25,80.87444444,11.78777778,99.90492063,1.999365079,168.1126984,28.19396825,24.24825397,31.97412698,24.67968254,52
5/26/2023,2023,5,26,80.57269841,16.15253968,99.98031746,1.846190476,178.2968254,28.63555556,24.60952381,32.06857143,25.83619048,4
5/27/2023,2023,5,27,77.34238095,11.85285714,99.91142857,1.691111111,196.7619048,28.67873016,23.9115873,32.29952381,25.6168254,80
5/28/2023,2023,5,28,71.32730159,4.331428571,99.97984127,0.997936508,192.5952381,29.09063492,22.94444444,33.21301587,25.05079365,67
5/29/2023,2023,5,29,67.87619048,0.52031746,100.0620635,1.184920635,224.5111111,30.16428571,23.12825397,34.36555556,26.05285714,72
5/30/2023,2023,5,30,68.05365079,0.094444444,99.97555556,1.387142857,234.7920635,30.91920635,23.74825397,35.37174603,26.51873016,84
5/31/2023,2023,5,31,69.69873016,0.126349206,99.76460317,1.565873016,213.1555556,31.26126984,24.43079365,35.65079365,26.96634921,95
6/1/2023,2023,6,1,72.53777778,1.133015873,99.64571429,1.963333333,212.131746,30.74746032,24.35761905,34.74603175,27.58333333,112
6/2/2023,2023,6,2,70.60619048,1.86015873,99.66936508,2.231587302,214.7904762,30.76857143,23.52746032,35.25936508,26.91984127,4
6/3/2023,2023,6,3,74.02174603,1.937301587,99.7715873,2.034761905,187.2714286,30.6047619,24.59269841,34.87365079,26.80714286,141
6/4/2023,2023,6,4,73.01253968,1.08968254,99.75761905,1.835555556,186.9952381,30.71126984,24.42333333,34.86619048,26.97873016,97
6/5/2023,2023,6,5,72.09333333,1.181904762,99.61507937,1.582222222,193.3809524,30.84142857,24.58539683,35.15984127,26.68920635,101
6/6/2023,2023,6,6,69.58587302,1.038095238,99.52698413,1.695555556,165.9936508,31.07825397,24.23174603,35.16857143,27.35857143,96
6/7/2023,2023,6,7,69.43111111,2.528571429,99.47984127,1.757460317,171.9285714,31.49063492,24.58285714,35.86396825,27.55730159,147
6/8/2023,2023,6,8,70.91269841,12.64126984,99.42888889,1.703174603,179.6873016,31.27063492,24.72079365,35.28714286,27.82444444,134
6/9/2023,2023,6,9,75.00984127,19.84126984,99.34920635,2.048571429,183.5555556,29.98650794,24.62698413,33.25301587,27.44111111,11
6/10/2023,2023,6,10,75.39365079,11.69587302,99.26571429,1.938412698,178.1079365,30.05873016,24.74238095,34.08904762,26.75047619,156
6/11/2023,2023,6,11,77.33111111,16.4768254,99.20190476,2.58047619,172.1936508,30.20333333,25.29873016,34.01730159,26.91984127,189
6/12/2023,2023,6,12,82.94174603,14.48349206,99.26063492,2.67,160.7333333,29.50793651,26.0468254,32.49365079,27.21079365,180
6/13/2023,2023,6,13,81.68984127,14.15349206,99.22587302,2.742698413,169.8142857,29.99063492,26.12952381,33.81714286,26.79222222,211
6/14/2023,2023,6,14,82.12968254,21.67380952,99.24936508,3.891746032,179.6015873,30.12777778,26.27365079,33.55761905,27.73142857,201
6/15/2023,2023,6,15,79.85031746,25.5415873,99.23365079,4.416190476,185.9015873,30.68492063,25.86603175,34.86603175,27.92888889,285
6/16/2023,2023,6,16,81.34206349,35.30126984,99.34015873,3.831746032,180.3428571,30.46079365,26.22904762,34.4147619,27.76809524,39
6/17/2023,2023,6,17,82.45603175,19.15015873,99.4947619,3.704126984,176.0333333,30.30507937,26.38619048,33.89365079,27.68603175,477
6/18/2023,2023,6,18,84.76190476,33.88047619,99.5931746,3.426666667,167.9952381,29.47126984,26.35063492,32.4152381,27.32730159,305
6/19/2023,2023,6,19,87.56904762,20.59126984,99.5884127,2.868253968,173.6095238,28.85571429,26.47619048,31.31380952,27.00333333,322
6/20/2023,2023,6,20,85.14666667,12.6868254,99.56111111,3.020793651,178.4349206,28.94428571,25.9952381,31.75349206,26.82285714,334
6/21/2023,2023,6,21,87.8515873,17.5815873,99.64666667,3.036984127,177.2063492,28.68460317,26.37777778,30.82603175,27.0884127,360
6/22/2023,2023,6,22,86.40603175,12.60555556,99.69698413,2.817619048,175.5095238,28.37,25.7584127,30.78507937,26.53492063,369
6/23/2023,2023,6,23,84.63365079,12.63857143,99.60301587,2.628888889,148.4269841,28.79825397,25.76666667,31.94111111,26.11809524,46
6/24/2023,2023,6,24,84.2968254,17.44730159,99.47079365,3.137460317,138.4746032,28.9731746,25.85142857,32.53063492,26.42301587,500
6/25/2023,2023,6,25,83.43857143,11.38793651,99.52952381,3.651428571,141.1126984,28.79873016,25.52301587,32.22095238,26.12904762,399
6/26/2023,2023,6,26,86.62746032,23.69714286,99.55460317,3.886666667,147.7952381,28.18206349,25.63095238,30.78301587,26.22206349,371
6/27/2023,2023,6,27,89.05857143,39.13285714,99.61047619,3.764920635,160.4793651,27.92968254,25.90301587,30.2784127,26.20095238,145
6/28/2023,2023,6,28,88.91873016,33.71015873,99.80555556,3.505873016,172.3746032,28.13492063,26.08047619,30.55603175,26.23793651,108
6/29/2023,2023,6,29,90.35492063,34.39460317,99.81,2.823492063,191.1460317,28.00730159,26.25349206,29.99746032,26.50952381,44
6/30/2023,2023,6,30,89.54349206,25.69333333,99.69571429,2.660634921,201.5825397,28.40206349,26.47761905,30.73555556,26.56349206,72
7/1/2023,2023,7,1,86.51507937,33.45412698,99.68634921,2.178888889,194.6857143,29.04984127,26.46380952,31.82412698,26.79301587,270
7/2/2023,2023,7,2,89.18777778,19.8931746,99.61920635,2.402698413,187.3095238,28.82952381,26.81777778,31.32380952,26.90730159,509
7/3/2023,2023,7,3,89.45412698,20.25396825,99.63619048,2.316666667,186.4301587,28.80857143,26.85888889,30.96412698,27.18714286,436
7/4/2023,2023,7,4,85.93015873,8.22031746,99.56761905,1.726507937,169.2920635,29.19984127,26.50047619,32.00984127,26.84761905,678
7/5/2023,2023,7,5,86.51619048,14.39539683,99.45206349,2.543968254,138.1587302,29.08825397,26.51777778,31.83793651,26.77095238,584
7/6/2023,2023,7,6,87.96952381,21.39174603,99.60142857,3.498730159,156.1539683,28.75761905,26.49634921,31.20301587,26.86698413,661
7/7/2023,2023,7,7,89.42698413,14.12285714,99.78619048,3.265238095,161.8095238,28.58047619,26.63095238,30.60507937,26.97984127,182
7/8/2023,2023,7,8,87.55761905,11.36095238,99.82888889,2.688412698,162.9555556,28.86936508,26.51396825,31.65539683,26.8252381,820
7/9/2023,2023,7,9,86.11365079,8.047301587,99.72857143,2.373492063,184.8269841,29.08920635,26.4247619,31.89952381,26.60952381,836
7/10/2023,2023,7,10,86.35904762,10.48777778,99.69984127,2.559206349,192.8936508,29.29539683,26.66873016,32.26349206,26.95873016,889
7/11/2023,2023,7,11,85.89825397,11.20380952,99.71333333,3.248730159,191.0238095,28.89873016,26.17603175,31.97380952,26.68380952,1054
7/12/2023,2023,7,12,86.65412698,10.52095238,99.74285714,3.064761905,179.3587302,28.27063492,25.73031746,31.08904762,25.95793651,1246
7/13/2023,2023,7,13,88.41714286,15.78285714,99.72031746,2.697460317,172.8190476,28.53857143,26.36825397,30.99571429,26.63936508,1239
7/14/2023,2023,7,14,88.54968254,23.36634921,99.67952381,2.651904762,183.5095238,28.5052381,26.35460317,30.96095238,26.61412698,449
7/15/2023,2023,7,15,86.42031746,10.31587302,99.53777778,2.923809524,144.8333333,28.73634921,26.13952381,31.70904762,26.41111111,1623
7/16/2023,2023,7,16,87.79952381,5.887301587,99.4552381,3.461746032,152.4380952,28.50349206,26.21650794,31.28,26.11666667,1424
7/17/2023,2023,7,17,88.19079365,5.178888889,99.40984127,2.768730159,134.831746,28.39904762,26.18428571,30.8731746,26.46857143,1589
7/18/2023,2023,7,18,85.80444444,3.251904762,99.4015873,2.877936508,131.7365079,28.94571429,26.21142857,31.99206349,26.36047619,1533
7/19/2023,2023,7,19,85.7615873,4.020793651,99.32809524,2.917936508,148.2460317,29.24063492,26.48619048,32.41412698,26.7152381,1792
7/20/2023,2023,7,20,86.11825397,2.371746032,99.33190476,2.904920635,144.6333333,29.29460317,26.61507937,32.33888889,26.83777778,1755
7/21/2023,2023,7,21,86.64253968,6.302539683,99.60555556,2.38968254,125.7904762,29.07761905,26.52095238,31.71603175,27.02730159,496
7/22/2023,2023,7,22,87.07777778,6.49015873,99.89111111,2.807777778,132.3047619,28.80380952,26.35492063,31.35873016,26.8484127,2242
7/23/2023,2023,7,23,85.10984127,3.221269841,99.86365079,2.26015873,146.047619,29.1747619,26.28888889,32.05396825,26.74222222,2292
7/24/2023,2023,7,24,83.67063492,1.536031746,99.68349206,2.036507937,151.5460317,29.3668254,26.15634921,32.53,26.73857143,2293
7/25/2023,2023,7,25,83.91634921,3.558730159,99.6915873,2.563809524,141.2793651,29.34587302,26.19142857,32.49730159,26.85825397,2418
7/26/2023,2023,7,26,85.87936508,10.83111111,99.73666667,3.092698413,145.3698413,29.04809524,26.3252381,32.03111111,26.68380952,2653
7/27/2023,2023,7,27,85.78047619,10.11539683,99.6568254,3.113650794,163.4047619,29.22111111,26.4752381,32.31793651,26.74333333,2361
7/28/2023,2023,7,28,85.90507937,11.91174603,99.38190476,3.094603175,166.384127,29.20809524,26.48333333,32.31555556,26.88492063,1503
7/29/2023,2023,7,29,85.95698413,9.908253968,99.27206349,2.602539683,138.1936508,29.42126984,26.70746032,32.53555556,26.86365079,2202
7/30/2023,2023,7,30,82.77206349,5.485714286,99.09968254,1.673333333,125.4634921,30.1015873,26.68603175,33.11761905,27.20968254,2731
7/31/2023,2023,7,31,80.26333333,11.89047619,98.9884127,1.181587302,82.76666667,30.60888889,26.65126984,33.65380952,27.66095238,2694
8/1/2023,2023,8,1,84.87761905,29.27793651,98.8231746,2.998412698,122.7095238,30.13666667,27.18603175,33.36746032,27.65444444,2584
8/2/2023,2023,8,2,87.94666667,20.07444444,98.99412698,4.923015873,146.5888889,28.9347619,26.68,31.57587302,26.95793651,2711
8/3/2023,2023,8,3,87.29603175,12.35809524,99.27698413,3.671269841,167.0031746,28.87333333,26.46444444,31.79063492,26.60015873,2589
8/4/2023,2023,8,4,87.2284127,26.07349206,99.59777778,3.303809524,183.7968254,28.68904762,26.25587302,31.33428571,26.79365079,1757
8/5/2023,2023,8,5,86.82015873,12.98619048,99.6715873,3.337301587,195.3904762,28.51714286,26.01190476,31.29190476,26.23396825,2495
8/6/2023,2023,8,6,88.94,39.0852381,99.38777778,3.793492063,211.6190476,28.34190476,26.28380952,30.59666667,26.64079365,2764
8/7/2023,2023,8,7,90.95793651,102.6612698,99.09285714,3.854920635,230.1936508,28.26920635,26.62920635,30.24142857,26.90333333,2751
8/8/2023,2023,8,8,90.13349206,55.9347619,99.25634921,3.185238095,242.2079365,28.0052381,26.19777778,30.15968254,26.51507937,2742
8/9/2023,2023,8,9,88.8015873,15.02396825,99.60857143,2.414761905,210.9825397,28.31,26.22666667,31.06920635,26.25634921,2844
8/10/2023,2023,8,10,86.91095238,8.711111111,99.75968254,2.043492063,213.4904762,28.40793651,25.92174603,31.05571429,26.3115873,2959
8/11/2023,2023,8,11,87.46079365,17.12539683,99.71507937,2.159206349,206.8904762,28.3184127,25.96666667,30.96888889,26.18111111,2046
8/12/2023,2023,8,12,90.43603175,24.42063492,99.5547619,2.769365079,215.6777778,27.76634921,26.02714286,29.7368254,26.30666667,2432
8/13/2023,2023,8,13,88.49444444,25.39984127,99.61063492,2.055238095,231.3873016,27.88984127,25.75015873,30.3431746,25.99920635,2905
8/14/2023,2023,8,14,84.03507937,11.72777778,99.70111111,1.364126984,238.1285714,28.29031746,25.19873016,31.54285714,25.39095238,2480
8/15/2023,2023,8,15,86.39555556,11.00190476,99.7,1.774920635,226.1444444,28.63968254,26.03936508,31.53507937,26.07793651,2984
8/16/2023,2023,8,16,86.98936508,12.29396825,99.66285714,1.528253968,213.4238095,29.00857143,26.53507937,31.91650794,26.71349206,2149
8/17/2023,2023,8,17,87.2415873,17.27746032,99.59349206,1.528412698,144.7968254,28.84761905,26.43587302,31.30968254,26.78,2288
8/18/2023,2023,8,18,87.20396825,7.17984127,99.60793651,2.999365079,139.2333333,28.67206349,26.24873016,31.60047619,26.3647619,1565
8/19/2023,2023,8,19,88.21253968,4.228888889,99.75777778,2.712222222,155.1285714,28.47619048,26.26619048,31.35190476,26.32269841,1983
8/20/2023,2023,8,20,86.07746032,1.756031746,99.81952381,2.14,187.9206349,28.72968254,26.06904762,31.70539683,26.35206349,2134
8/21/2023,2023,8,21,87.27730159,8.874761905,99.73190476,2.011904762,193.9730159,28.15888889,25.76619048,30.76285714,26.12507937,2197
8/22/2023,2023,8,22,90.55349206,11.25047619,99.72587302,2.59015873,185.1111111,28.03428571,26.31253968,30.13444444,26.38015873,2168
8/23/2023,2023,8,23,90.62888889,26.71873016,99.65301587,2.494285714,184.4333333,28.02888889,26.3215873,30.08031746,26.44746032,2070
8/24/2023,2023,8,24,91.41222222,31.38571429,99.43746032,2.425238095,191.2412698,28.08904762,26.53825397,30.17809524,26.50920635,2201
8/25/2023,2023,8,25,90.75904762,29.48952381,99.42904762,2.671428571,217.0428571,27.8931746,26.21238095,30.04920635,26.25174603,1594
8/26/2023,2023,8,26,90.09761905,30.0215873,99.50222222,3.05984127,229.8698413,27.99333333,26.18126984,30.48666667,26.05222222,1960
8/27/2023,2023,8,27,89.52095238,25.93015873,99.45285714,2.786031746,230.8174603,28.39936508,26.45761905,31.06365079,26.37888889,2327
8/28/2023,2023,8,28,85.77396825,8.231269841,99.50539683,1.963650794,236.6142857,28.96079365,26.21444444,31.90126984,26.51746032,2331
8/29/2023,2023,8,29,80.70984127,4.755079365,99.6084127,1.026825397,214.0777778,29.31952381,25.50253968,32.40539683,26.23063492,2291
8/30/2023,2023,8,30,80.23380952,3.302063492,99.72809524,1.121111111,256.0301587,29.4684127,25.54936508,32.64666667,26.10714286,2367
8/31/2023,2023,8,31,82.37190476,8.669206349,99.81904762,1.185714286,208.1460317,29.3515873,25.88444444,32.22888889,26.63063492,2308
9/1/2023,2023,9,1,84.91904762,10.37761905,99.81349206,1.309206349,227.8380952,29.15603175,26.25206349,31.79285714,26.89650794,1534
9/2/2023,2023,9,2,83.63365079,8.387460317,99.68396825,0.962698413,234.5507937,29.56444444,26.37269841,32.31873016,26.95507937,2352
9/3/2023,2023,9,3,86.24253968,14.63333333,99.50253968,1.451428571,118.747619,29.0352381,26.43412698,31.30079365,27.09761905,2608
9/4/2023,2023,9,4,87.9115873,16.91079365,99.48174603,1.843015873,112.9079365,28.15746032,25.89492063,30.4152381,26.35380952,2823
9/5/2023,2023,9,5,84.17349206,11.02984127,99.53095238,1.794444444,82.51746032,29.22396825,26.11142857,32.4531746,26.04047619,2782
9/6/2023,2023,9,6,86.96666667,8.346507937,99.64349206,2.116825397,118.8111111,28.9184127,26.45666667,31.39952381,26.8768254,2115
9/7/2023,2023,9,7,90.15412698,20.13587302,99.70730159,2.797460317,128.9555556,28.1347619,26.32904762,30.42507937,26.31238095,2689
9/8/2023,2023,9,8,92.06111111,19.73095238,99.85603175,2.908888889,156.9650794,27.74206349,26.32507937,29.44253968,26.49984127,1876
9/9/2023,2023,9,9,86.59777778,5.380952381,99.82920635,1.667301587,185.3253968,28.39825397,25.85222222,31.10761905,26.09396825,2748
9/10/2023,2023,9,10,84.99079365,3.526825397,99.61825397,1.514603175,218.3936508,28.89142857,26.00777778,31.90984127,26.24063492,2993
9/11/2023,2023,9,11,86.25095238,10.02619048,99.53650794,1.51,198.7349206,28.66984127,26.02936508,31.49952381,26.52015873,2944
9/12/2023,2023,9,12,85.4984127,12.45460317,99.54634921,1.260793651,148,28.70190476,25.93507937,31.43730159,26.31301587,2956
9/13/2023,2023,9,13,88.81730159,9.601904762,99.53111111,2.734603175,105.9174603,28.28031746,26.21428571,30.59888889,26.36142857,2944
9/14/2023,2023,9,14,89.36761905,16.10206349,99.66301587,3.563650794,128.9253968,28.11365079,26.15333333,30.56428571,26.48888889,2663
9/15/2023,2023,9,15,89.14507937,6.809365079,99.87507937,2.462539683,144.9809524,28.03380952,26.02365079,30.4431746,26.33206349,2129
9/16/2023,2023,9,16,84.80285714,3.326507937,99.83666667,1.285079365,162.3460317,28.76492063,25.83555556,31.81793651,26.05904762,2598
9/17/2023,2023,9,17,81.93650794,4.268730159,99.65968254,1.037142857,193.9301587,29.54777778,26,32.74650794,26.47904762,3122
9/18/2023,2023,9,18,88.64793651,22.55619048,99.6615873,1.565238095,112.7587302,28.2031746,26.10920635,30.41650794,26.4731746,3084
9/19/2023,2023,9,19,90.24428571,20.6752381,99.82507937,2.729047619,106.7,27.58873016,25.81095238,29.85492063,25.94095238,3027
9/20/2023,2023,9,20,91.70666667,22.2247619,99.91111111,3.324920635,127.3904762,27.42873016,25.94873016,29.28492063,25.99555556,3015
9/21/2023,2023,9,21,91.99920635,23.3247619,100.0163492,3.366031746,149.9698413,27.52587302,26.09888889,29.23142857,26.36936508,2889
9/22/2023,2023,9,22,91.07634921,18.92777778,100.0655556,2.68031746,158.6396825,27.49587302,25.8815873,29.49111111,26.12857143,2153
9/23/2023,2023,9,23,89.99968254,21.03190476,100.0614286,2.293015873,170.215873,27.69365079,25.85968254,30.04603175,25.9,2865
9/24/2023,2023,9,24,89.89936508,23.28396825,99.95349206,2.003809524,173.9952381,27.64920635,25.7915873,29.96714286,25.9868254,3008
9/25/2023,2023,9,25,88.48333333,11.5947619,99.93555556,1.555714286,175.4365079,27.85888889,25.71333333,30.44269841,25.8031746,3033
9/26/2023,2023,9,26,85.16396825,8.751111111,99.95031746,1.037142857,192.1126984,28.35555556,25.52412698,31.13555556,26.00174603,3123
9/27/2023,2023,9,27,84.65222222,7.305396825,99.88507937,1.065555556,215.8269841,28.49126984,25.55555556,31.33619048,25.91920635,2950
9/28/2023,2023,9,28,85.4168254,2.773492063,99.75777778,1.377142857,228.9746032,28.84349206,26.07031746,31.7747619,25.97142857,2357
9/29/2023,2023,9,29,90.19063492,10.24920635,99.7152381,1.517619048,156.9142857,28.28761905,26.50809524,30.39619048,26.56349206,1793
9/30/2023,2023,9,30,90.64920635,14.47777778,99.71460317,2.761587302,122.2984127,27.72142857,26.02253968,29.6631746,26.2647619,2425
10/1/2023,2023,10,1,89.11079365,12.86603175,99.7131746,2.481904762,145.3571429,27.79,25.78634921,30.22047619,26.02904762,2882
10/2/2023,2023,10,2,89.94809524,11.24428571,99.84444444,2.344761905,150.1015873,27.74063492,25.89222222,30.41888889,25.86825397,2596
10/3/2023,2023,10,3,90.29460317,26.49936508,99.92666667,2.874126984,146.2634921,27.44380952,25.66968254,30.04920635,25.66142857,2799
10/4/2023,2023,10,4,92.00619048,42.42936508,99.97984127,3.461587302,133.3301587,27.07,25.64555556,29.03809524,25.63380952,2564
10/5/2023,2023,10,5,92.64,64.05,99.8384127,3.548571429,145.0825397,26.79904762,25.50015873,28.37603175,25.54809524,2617
10/6/2023,2023,10,6,90.90047619,48.21349206,99.77095238,3.08,176.968254,27.2815873,25.6352381,29.38301587,25.64888889,1800
10/7/2023,2023,10,7,89.0915873,12.72301587,99.94238095,2.132063492,207.1746032,27.67634921,25.66269841,30.52714286,25.64396825,2158
10/8/2023,2023,10,8,87.19206349,8.436507937,100.1077778,1.783809524,229.1984127,27.85126984,25.44746032,30.7968254,25.30492063,2742
10/9/2023,2023,10,9,86.58793651,6.03031746,100.2144444,1.554920635,228.2761905,27.98190476,25.44761905,30.88730159,25.56587302,2660
10/10/2023,2023,10,10,80.36873016,2.682857143,100.2568254,0.967142857,247.1634921,28.54507937,24.70269841,31.4884127,25.70571429,2555
10/11/2023,2023,10,11,79.75126984,1.785555556,100.2444444,1.04031746,235.8126984,28.19380952,24.23349206,31.32873016,25.2268254,2425
10/12/2023,2023,10,12,78.56777778,3.449206349,100.4184127,1.158730159,249.884127,27.94365079,23.70809524,31.14349206,24.90539683,2327
10/13/2023,2023,10,13,72.54809524,2.490634921,100.537619,0.987142857,274.0222222,27.70793651,22.1047619,30.87142857,24.54349206,1673
10/14/2023,2023,10,14,70.28015873,0.267777778,100.4634921,1.109365079,272.1936508,27.3015873,21.24412698,30.5852381,23.97539683,2047
10/15/2023,2023,10,15,72.61603175,0.016349206,100.3222222,0.993015873,219.1460317,26.96825397,21.41396825,30.65888889,23.24365079,2363
10/16/2023,2023,10,16,74.0015873,0.00047619,100.4133333,1.132857143,135.484127,26.76587302,21.55301587,30.45968254,22.99634921,2475
10/17/2023,2023,10,17,72.9615873,0.025714286,100.4707937,1.035873016,188.4428571,26.88968254,21.42761905,30.48730159,23.40396825,2609
10/18/2023,2023,10,18,77.31380952,0.191746032,100.5526984,1.185238095,288.1619048,26.39492063,21.9447619,29.83730159,23.14492063,2495
10/19/2023,2023,10,19,80.76952381,0.044285714,100.5984127,1.471746032,237.368254,25.66079365,21.96507937,29.22777778,22.34809524,2350
10/20/2023,2023,10,20,80.98793651,0.002539683,100.6593651,1.629365079,211.8714286,25.26650794,21.6015873,29.33253968,21.64761905,1558
10/21/2023,2023,10,21,79.08428571,0.00031746,100.6801587,1.697619048,241.0634921,25.12174603,21.03714286,29.43650794,20.98349206,1889
10/22/2023,2023,10,22,77.88904762,2.074603175,100.6688889,1.382857143,167.3809524,25.47619048,21.1515873,29.45174603,21.26873016,2056
10/23/2023,2023,10,23,82.92365079,7.564761905,100.59,1.431587302,83.06984127,25.43857143,22.2047619,28.79,22.70920635,2014
10/24/2023,2023,10,24,88.36365079,30.1431746,100.4087302,2.333492063,80.54920635,25.19714286,23.07968254,28.10222222,23.19095238,1852
10/25/2023,2023,10,25,84.64365079,3.942539683,100.4407937,1.752063492,282.3174603,25.78174603,22.88126984,29.30857143,22.77952381,1917
10/26/2023,2023,10,26,80.08142857,3.243333333,100.5468254,1.042222222,288.8301587,25.99253968,22.14142857,29.43095238,22.92063492,1802
10/27/2023,2023,10,27,78.57587302,0.628253968,100.5449206,1.177619048,160.768254,25.24285714,21.07,28.94952381,21.84460317,1431
10/28/2023,2023,10,28,77.01285714,0.010634921,100.5912698,1.605396825,244.8857143,24.47650794,19.95730159,28.61809524,21.04396825,1800
10/29/2023,2023,10,29,75.40079365,0.00047619,100.5844444,1.606984127,227.1349206,24.00920635,19.14809524,28.3584127,19.95952381,1818
10/30/2023,2023,10,30,75.94142857,0,100.6228571,1.510793651,194.6333333,24.70619048,19.97492063,28.83634921,20.75746032,1708
10/31/2023,2023,10,31,76.77253968,0.00031746,100.7290476,1.413333333,174.2142857,25.07396825,20.5431746,28.97571429,20.79412698,1787
11/1/2023,2023,11,1,78.13396825,0.102063492,100.728254,1.455714286,254.6460317,25.18634921,20.89666667,29.65,21.0752381,1903
11/2/2023,2023,11,2,79.63396825,0.091587302,100.6209524,1.394920635,220.5079365,25.24460317,21.31142857,29.39015873,21.44365079,1728
11/3/2023,2023,11,3,78.54380952,0.299365079,100.46,1.291428571,182.2619048,25.33444444,21.21507937,28.69809524,21.78031746,1357
11/4/2023,2023,11,4,76.38126984,0.35,100.4519048,1.129206349,210.7873016,25.51539683,20.90365079,29.13428571,21.78793651,1638
11/5/2023,2023,11,5,79.16301587,0.381269841,100.6387302,1.482063492,130.4555556,24.76,20.75063492,28.58698413,21.50936508,2103
11/6/2023,2023,11,6,77.74301587,0.063015873,100.7407937,1.84047619,251.0920635,23.66269841,19.32492063,28.01190476,20.13507937,1794
11/7/2023,2023,11,7,75.29047619,0,100.6760317,1.668095238,293.6,23.10650794,18.25142857,27.41619048,19.46253968,1895
11/8/2023,2023,11,8,75.66174603,0.007936508,100.6039683,1.553492063,302.6063492,22.73793651,17.97634921,27.03587302,18.72174603,1912
11/9/2023,2023,11,9,75.68936508,0.001111111,100.6501587,1.597777778,264.2555556,22.80190476,18.05555556,27.25634921,18.5947619,1734
11/10/2023,2023,11,10,77.20015873,0,100.7571429,1.643333333,263.8507937,22.89888889,18.48857143,27.56555556,18.54396825,1333
11/11/2023,2023,11,11,78.41793651,0,100.797619,1.655873016,262.0238095,23.00365079,18.83984127,27.71904762,18.69952381,1512
11/12/2023,2023,11,12,79.20428571,0.00047619,100.8346032,1.661111111,179.3650794,23.03444444,19.03095238,27.87396825,18.92333333,1748
11/13/2023,2023,11,13,78.97047619,0.012539683,100.855873,1.688412698,209.8761905,22.97222222,18.92619048,27.65825397,18.58031746,1740
11/14/2023,2023,11,14,76.68507937,0.002222222,100.7833333,1.472539683,218.5111111,23.18190476,18.6284127,27.82238095,18.49063492,1470
11/15/2023,2023,11,15,73.31126984,0.702698413,100.8025397,1.418888889,153.6984127,23.38714286,18.05126984,27.90825397,18.74095238,1623
11/16/2023,2023,11,16,83.70603175,24.24349206,100.8980952,1.835873016,63.77619048,23.18777778,20.17,26.94142857,19.99968254,1429
11/17/2023,2023,11,17,90.69063492,44.18396825,100.6971429,3.186190476,75.5984127,23.45174603,21.80095238,26.22222222,21.37285714,956
11/18/2023,2023,11,18,84.79539683,5.384761905,100.7006349,1.751111111,170.3968254,23.37047619,20.55301587,27.06603175,20.0384127,914
11/19/2023,2023,11,19,82.85095238,1.629047619,100.8222222,1.429206349,71.33809524,23.51031746,20.27507937,27.60111111,19.71920635,1291
11/20/2023,2023,11,20,82.55857143,0.152380952,100.8150794,1.378412698,215.0365079,23.51380952,20.22079365,27.55365079,19.62587302,1197
11/21/2023,2023,11,21,81.26301587,0.187301587,100.6639683,1.492539683,313.2571429,23.35142857,19.79873016,27.14873016,20.21603175,1084
11/22/2023,2023,11,22,79.59777778,0.009365079,100.6285714,1.646825397,314.5428571,21.80365079,17.88793651,26.33428571,18.29888889,1162
11/23/2023,2023,11,23,77.50888889,0.005238095,100.6009524,1.621904762,302.7031746,21.1447619,16.80936508,25.98904762,16.78253968,1094
11/24/2023,2023,11,24,76.05888889,0,100.702381,1.411904762,229.8,21.60063492,16.96492063,26.33460317,16.96650794,645
11/25/2023,2023,11,25,76.52047619,0,100.8487302,1.611111111,180.2412698,21.71761905,17.17698413,26.68698413,17.2584127,759
11/26/2023,2023,11,26,76.02063492,0.000793651,100.9161905,1.568888889,92.75873016,21.83555556,17.1884127,26.84904762,16.9131746,971
11/27/2023,2023,11,27,77.40396825,0,100.81,1.254126984,110.7206349,22.1631746,17.80809524,26.84079365,17.67746032,920
11/28/2023,2023,11,28,74.82555556,0,100.6514286,1.175714286,199.9031746,22.93888889,17.95079365,27.79063492,18.46904762,959
11/29/2023,2023,11,29,76.74253968,0,100.7249206,1.234126984,190.5285714,22.54492063,18.04587302,27.09079365,18.23285714,968
11/30/2023,2023,11,30,79.30174603,0,100.7965079,1.538412698,34.83333333,22.41063492,18.4468254,27.37460317,17.87714286,877
12/1/2023,2023,12,1,79.6731746,0,100.7371429,1.684920635,140.7587302,22.26365079,18.34238095,27.37587302,17.80968254,468
12/2/2023,2023,12,2,78.18079365,0.002857143,100.7422222,1.513650794,182.2349206,22.65888889,18.43190476,27.31825397,18.67634921,605
12/3/2023,2023,12,3,80.25619048,0.009206349,100.7779365,1.516666667,128.984127,22.76301587,18.97206349,27.73412698,18.49380952,742
12/4/2023,2023,12,4,81.38984127,0.058571429,100.6755556,1.668253968,166.5571429,22.49904762,18.95730159,27.27111111,18.15920635,682
12/5/2023,2023,12,5,80.14571429,4.447301587,100.6438095,1.607936508,127.8746032,22.60873016,18.8452381,26.09984127,19.75063492,669
12/6/2023,2023,12,6,84.48809524,10.18269841,100.7728571,1.94047619,116.7269841,22.01888889,19.19920635,25.12190476,19.31873016,566
12/7/2023,2023,12,7,90.75825397,15.75174603,100.6663492,1.93015873,44.59047619,21.27,19.66904762,23.35444444,19.80412698,537
12/8/2023,2023,12,8,89.58634921,17.95396825,100.4792063,2.004761905,293.6777778,21.26190476,19.40222222,24.85857143,18.73777778,251
12/9/2023,2023,12,9,85.42095238,2.535714286,100.6525397,2.138888889,315.3142857,20.19111111,17.51063492,24.55380952,17.19031746,362
12/10/2023,2023,12,10,77.71809524,0.011428571,100.622381,1.805238095,309.6809524,19.02809524,14.77142857,23.77698413,15.25079365,459
12/11/2023,2023,12,11,76.72666667,0.002063492,100.7171429,1.892539683,301.6825397,18.30857143,13.86634921,23.44698413,14.18111111,413
12/12/2023,2023,12,12,76.8852381,0.020952381,100.6087302,1.614285714,298.1365079,18.54349206,14.15365079,23.87730159,13.93365079,311
12/13/2023,2023,12,13,74.35793651,0.00952381,100.7252381,1.717301587,299.8777778,18.21873016,13.21174603,23.57984127,14.08492063,349
12/14/2023,2023,12,14,69.5031746,0,100.9228571,1.625079365,300.031746,17.40190476,11.45730159,22.34571429,13.21206349,308
12/15/2023,2023,12,15,73.75968254,0,100.9631746,1.786031746,280.3285714,17.09253968,12.0847619,22.71365079,12.45,190
12/16/2023,2023,12,16,75.07777778,0,100.8274603,1.797142857,272.5571429,17.19079365,12.43333333,22.76460317,12.24968254,179
12/17/2023,2023,12,17,73.80031746,0,100.8450794,1.630634921,220.4,17.43015873,12.37301587,23.17730159,12.43698413,254
12/18/2023,2023,12,18,75.9868254,0,100.9306349,1.629206349,273.4507937,17.38904762,12.83968254,22.90111111,12.50269841,239
12/19/2023,2023,12,19,77.94698413,0,101.0039683,1.896666667,270.2555556,17.43920635,13.27015873,23.15015873,12.69111111,196
12/20/2023,2023,12,20,78.43079365,0,100.9419048,1.792857143,256.2555556,17.75380952,13.69206349,23.44825397,12.65746032,207
12/21/2023,2023,12,21,77.49507937,0,100.8504762,1.42031746,236.3301587,18.7352381,14.49333333,23.92920635,13.9168254,177
12/22/2023,2023,12,22,78.10396825,0,100.8793651,1.143650794,138.931746,19.32984127,15.21507937,24.10380952,15.01333333,103
12/23/2023,2023,12,23,79.7515873,0,101.044127,1.068571429,104.3952381,19.78603175,16.00952381,24.06698413,16.24174603,114
12/24/2023,2023,12,24,79.87857143,0.084126984,101.1353968,1.12968254,240.0428571,19.92238095,16.19634921,24.51142857,15.90714286,188
12/25/2023,2023,12,25,78.28238095,0.026190476,101.0214286,1.036507937,266.1349206,20.14460317,16.04746032,24.54222222,16.00301587,89
12/26/2023,2023,12,26,77.8268254,0,101.0587302,1.087936508,129.431746,20.04730159,15.84777778,24.5968254,16.00587302,152
12/27/2023,2023,12,27,79.0315873,0,101.104127,1.148253968,250.6619048,19.81365079,15.85984127,24.79873016,15.54539683,134
12/28/2023,2023,12,28,78.97174603,0,100.9920635,1.217619048,242.7666667,19.76095238,15.78968254,24.52587302,15.33555556,110
12/29/2023,2023,12,29,78.69714286,0.392539683,100.9807937,1.529365079,235.3174603,19.61666667,15.56222222,24.76539683,15.02238095,56
12/30/2023,2023,12,30,78.01952381,0.37952381,100.8868254,1.713968254,276.9984127,19.44809524,15.24714286,24.80920635,15.01507937,72
12/31/2023,2023,12,31,79.01825397,0.532698413,100.8926984,1.930952381,293.9904762,18.51793651,14.5215873,24.09555556,14.30952381,106
1/1/2024,2024,1,1,78.69825397,0.262539683,100.8822222,1.798253968,291.3793651,17.87,13.81587302,23.59603175,13.27793651,85
1/2/2024,2024,1,2,78.1752381,0.14984127,100.8714286,1.814126984,297.3507937,17.11047619,12.95079365,22.90507937,12.46809524,60
1/3/2024,2024,1,3,76.48,0,100.8471429,1.717619048,245.2492063,17.17444444,12.65396825,23.3331746,11.84428571,70
1/4/2024,2024,1,4,75.82650794,0,100.8536508,1.764603175,217.2285714,17.56666667,12.93666667,23.15650794,12.27984127,75
1/5/2024,2024,1,5,77.36365079,0,100.9009524,1.784603175,109.4412698,17.75428571,13.47142857,23.28349206,12.91095238,33
1/6/2024,2024,1,6,77.32904762,0,100.955873,1.797460317,198.8206349,18.36984127,14.04285714,24.04587302,13.44793651,42
1/7/2024,2024,1,7,79.44365079,0,100.9934921,1.920634921,228.5174603,18.48634921,14.60587302,24.0615873,13.97142857,13
1/8/2024,2024,1,8,79.68587302,0,101.0342857,2.075714286,256.6714286,18.31063492,14.4931746,24.27873016,13.78412698,62
1/9/2024,2024,1,9,77.24111111,0,100.938254,2.064444444,293.9380952,17.29714286,12.8684127,23.44444444,12.57952381,45
1/10/2024,2024,1,10,72.90571429,0,100.83,1.757142857,257.9206349,17.38746032,12.08079365,23.45746032,11.86238095,59
1/11/2024,2024,1,11,77.42761905,0,100.9231746,2.027142857,240.9904762,17.25460317,12.97507937,23.00904762,13.03619048,46
1/12/2024,2024,1,12,75.77507937,0,100.9122222,2.142698413,310.7301587,15.49063492,10.79174603,21.78746032,10.30365079,17
1/13/2024,2024,1,13,75.88825397,0,100.8790476,1.962857143,303.9761905,15.59206349,10.98428571,21.66079365,10.50571429,25
1/14/2024,2024,1,14,73.87079365,0,100.8361905,1.488253968,281.1174603,15.93444444,10.88888889,21.89920635,10.46746032,38
1/15/2024,2024,1,15,74.67095238,0,100.7874603,1.37047619,289.0587302,16.3331746,11.49761905,21.83873016,11.58079365,33
1/16/2024,2024,1,16,74.18571429,0.00015873,100.8015873,1.197936508,259.6269841,16.11142857,11.17539683,21.20634921,11.81015873,30
1/17/2024,2024,1,17,74.23063492,0.028888889,100.8046032,1.147460317,147.1634921,16.1231746,11.17539683,21.37761905,11.26920635,23
1/18/2024,2024,1,18,76.53,2.437936508,100.8690476,1.245238095,94.77301587,16.6668254,12.28984127,21.49349206,11.7115873,29
1/19/2024,2024,1,19,79.24301587,2.988888889,100.9088889,1.750952381,239.4904762,17.32428571,13.44269841,22.63952381,13.32380952,18
1/20/2024,2024,1,20,75.83587302,5.711428571,100.9261905,1.919365079,293.9492063,16.24555556,11.54174603,22.32698413,11.44333333,18
1/21/2024,2024,1,21,73.29793651,6.478888889,100.9166667,1.63984127,271.6571429,15.5452381,10.39126984,21.22666667,11.01936508,32
1/22/2024,2024,1,22,69.3531746,0.00015873,101.0773016,2.015555556,301.4825397,14.98873016,8.851904762,21.29904762,9.67015873,30
1/23/2024,2024,1,23,66.85111111,0,100.9822222,1.519365079,284.8936508,15.63920635,8.974126984,21.6068254,9.735555556,24
1/24/2024,2024,1,24,70.07222222,3.615555556,100.9814286,1.405079365,118.8936508,16.12857143,10.27063492,21.41555556,11.64571429,20
1/25/2024,2024,1,25,72.98587302,3.40952381,101.1449206,1.394444444,184.7825397,16.25365079,10.95428571,22.20285714,11.55634921,18
1/26/2024,2024,1,26,69.63396825,0.542063492,101.2315873,1.977301587,309.6142857,15.73190476,9.698095238,21.94428571,10.58142857,14
1/27/2024,2024,1,27,67.31873016,0.003492063,101.1950794,1.83952381,303.6126984,15.48444444,8.914285714,21.72777778,10.26349206,22
1/28/2024,2024,1,28,65.61380952,0.004126984,101.1465079,1.67015873,296.3555556,15.90507937,8.90984127,22.42650794,10.34746032,25
1/29/2024,2024,1,29,63.08031746,0.001746032,101.0579365,1.345555556,260.2492063,17.04507937,9.445714286,23.26936508,11.57571429,14
1/30/2024,2024,1,30,63.3831746,0.142063492,100.9334921,1.157619048,177.5222222,18.03301587,10.58333333,23.57253968,12.93619048,15
1/31/2024,2024,1,31,71.20111111,2.338095238,100.9011111,1.200793651,194.2444444,19.10380952,13.46222222,24.30222222,14.22809524,20
2/1/2024,2024,2,1,75.61380952,1.943968254,100.935873,1.137936508,174.331746,19.57285714,14.83333333,24.30222222,15.20047619,17
2/2/2024,2024,2,2,79.74714286,2.772063492,100.7992063,1.650634921,231.8603175,19.43698413,15.56984127,24.40063492,15.42952381,11
2/3/2024,2024,2,3,70.52555556,0.646507937,100.8615873,1.780952381,256.2984127,18.79777778,12.57793651,24.95746032,13.84015873,10
2/4/2024,2024,2,4,62.59825397,0.222222222,101.0273016,1.361904762,242.3793651,18.73634921,10.79428571,24.55460317,12.84206349,28
2/5/2024,2024,2,5,66.36666667,0.19968254,100.9874603,1.398571429,244.4253968,19.52126984,12.64698413,25.22126984,13.92428571,11
2/6/2024,2024,2,6,77.46793651,0.004285714,100.9515873,1.430952381,249.1809524,20.15857143,15.84539683,25.04857143,16.06698413,22
2/7/2024,2024,2,7,73.76761905,0.00031746,100.8922222,1.705714286,287.8650794,19.70095238,14.32285714,25.10666667,15.69,25
2/8/2024,2024,2,8,58.71253968,0,100.8793651,1.986666667,302.2079365,17.73968254,8.537460317,23.82301587,12.36095238,20
2/9/2024,2024,2,9,59.52698413,0,101.1168254,2.014444444,276.1047619,16.89031746,8.186825397,23.61952381,10.92031746,3
2/10/2024,2024,2,10,61.77015873,0,101.1449206,1.915396825,290.5285714,17.7552381,9.605714286,25.07714286,11.48698413,8
2/11/2024,2024,2,11,59.81031746,0,101.1933333,1.535238095,304.8904762,19.07380952,10.25936508,26.10412698,12.5631746,14
2/12/2024,2024,2,12,56.15555556,0,101.1604762,1.305079365,242.1603175,20.40333333,10.62111111,26.62333333,14.55492063,7
2/13/2024,2024,2,13,56.5131746,0.037619048,101.117619,1.276507937,191.3920635,21.37619048,11.76063492,27.44047619,15.85539683,13
2/14/2024,2024,2,14,64.96666667,0.157619048,100.9631746,1.168730159,192.7333333,21.66380952,14.44126984,26.9431746,17.17666667,8
2/15/2024,2024,2,15,71.32285714,0.677142857,100.9987302,1.401269841,247.8365079,21.94206349,16.12460317,27.37174603,17.23968254,5
2/16/2024,2024,2,16,71.99428571,0.067777778,100.99,1.802380952,306.6,21.50206349,15.68428571,27.72920635,16.51952381,3
2/17/2024,2024,2,17,62.05634921,0.116825397,100.7098413,1.649047619,303.868254,20.93174603,12.54460317,27.20492063,15.23634921,11
2/18/2024,2024,2,18,54.67888889,0.000634921,100.7128571,1.242063492,265.7428571,21.09095238,10.78619048,26.93174603,15.65460317,7
2/19/2024,2024,2,19,56.86746032,0.015555556,100.7011111,1.363968254,239.8571429,21.39888889,11.68857143,27.38206349,15.80555556,11
2/20/2024,2024,2,20,69.13555556,0.394603175,100.45,1.905555556,207.1396825,22.22285714,15.57603175,28.67666667,16.26761905,6
2/21/2024,2024,2,21,73.74793651,2.313492063,100.3247619,1.997936508,221.1412698,23.57031746,17.58777778,30.10380952,18.27047619,5
2/22/2024,2024,2,22,77.96888889,8.39984127,100.3611111,2.346666667,162.847619,23.61761905,18.96063492,29.26555556,19.47047619,16
2/23/2024,2024,2,23,72.79825397,7.45968254,100.574127,1.664285714,184.6063492,22.62396825,16.76984127,27.64206349,18.74253968,3
2/24/2024,2024,2,24,63.92301587,2.527460317,100.7842857,1.458095238,122.2174603,21.9847619,13.87730159,27.93126984,16.61396825,11
2/25/2024,2024,2,25,62.75492063,1.802380952,100.8471429,1.95984127,119.3142857,21.46269841,13.45095238,27.04603175,17.17349206,20
2/26/2024,2024,2,26,61.96396825,0.612380952,100.9028571,1.913809524,105.0396825,21.19603175,12.94126984,27.86015873,15.45269841,6
2/27/2024,2024,2,27,57.86222222,0,100.7614286,1.745238095,230.3095238,22.01666667,12.59619048,28.45412698,17.0768254,19
2/28/2024,2024,2,28,58.2552381,0.033650794,100.554127,1.683492063,259.0301587,22.48952381,13.38650794,28.28174603,17.09174603,9
2/29/2024,2024,2,29,58.7415873,0.003968254,100.6479365,1.453492063,279.0539683,22.75142857,13.47142857,28.74714286,17.27269841,10
3/1/2024,2024,3,1,55.27190476,0.000952381,100.7277778,1.474603175,294.4063492,22.52190476,12.14968254,29.03031746,16.65111111,4
3/2/2024,2024,3,2,53.7447619,0.001111111,100.6126984,1.384444444,262.9126984,22.95492063,12.17587302,29.38952381,16.82174603,9
3/3/2024,2024,3,3,56.6731746,0.185555556,100.5585714,1.515079365,282.031746,23.79539683,13.8515873,30.03301587,18.12666667,10
3/4/2024,2024,3,4,63.06253968,1.558730159,100.5403175,1.871428571,282.2539683,23.76555556,15.82746032,29.34984127,18.80253968,10
3/5/2024,2024,3,5,63.99555556,0.296349206,100.531746,2.137460317,283.4444444,23.78968254,15.58095238,30.41904762,18.60857143,3
3/6/2024,2024,3,6,48.57206349,0.008095238,100.5444444,1.967301587,302.3492063,22.91666667,9.992857143,29.97365079,16.42746032,13
3/7/2024,2024,3,7,45.94238095,0.002380952,100.5188889,1.74968254,264.3666667,22.95968254,9.667936508,30.08936508,15.86095238,12
3/8/2024,2024,3,8,47.45,0.001111111,100.5274603,2.008095238,295.7746032,23.16968254,10.23650794,30.23650794,16.79492063,11
3/9/2024,2024,3,9,46.12793651,0,100.6261905,1.916984127,303.3714286,22.75634921,9.411746032,29.93825397,16.48650794,6
3/10/2024,2024,3,10,45.15666667,0,100.7766667,1.627777778,297.352381,22.45857143,8.795714286,29.66015873,15.93428571,12
3/11/2024,2024,3,11,45.53650794,0,100.7426984,1.697777778,309.6444444,23.42285714,9.755396825,30.41888889,16.0568254,10
3/12/2024,2024,3,12,51.69285714,0.026190476,100.5090476,1.921111111,232.4063492,24.99428571,13.11952381,32.01984127,18.73968254,8
3/13/2024,2024,3,13,63.96238095,0.479206349,100.4715873,1.868888889,218.7888889,25.28936508,16.59444444,32.24222222,18.83095238,8
3/14/2024,2024,3,14,67.87063492,2.885555556,100.4585714,1.810952381,224.6412698,26.11253968,18.55920635,32.26,20.70015873,15
3/15/2024,2024,3,15,63.92492063,2.956825397,100.4853968,1.37015873,217.8666667,26.59142857,17.64603175,32.88031746,20.87746032,2
3/16/2024,2024,3,16,58.80873016,3.904920635,100.6231746,1.354444444,248.3238095,26.82301587,16.80428571,32.95015873,21.18079365,10
3/17/2024,2024,3,17,57.84492063,1.892539683,100.5849206,1.481428571,273.9063492,26.99730159,17.00142857,33.1747619,21.18761905,9
3/18/2024,2024,3,18,56.54222222,0.593492063,100.4950794,1.179047619,272.4650794,27.4647619,17.17603175,33.06793651,22.18650794,20
3/19/2024,2024,3,19,59.88952381,1.258888889,100.5077778,1.462698413,225.9984127,26.87015873,17.7968254,32.51539683,22.82412698,19
3/20/2024,2024,3,20,72.8147619,18.02777778,100.6442857,1.781111111,237.2952381,23.85714286,18.38873016,27.28603175,20.79904762,14
3/21/2024,2024,3,21,68.71984127,4.714761905,100.6371429,1.629047619,195.7015873,23.49761905,16.82174603,28.55904762,19.36507937,11
3/22/2024,2024,3,22,66.92492063,3.156825397,100.3277778,1.486666667,238.0714286,23.66761905,16.54603175,28.4968254,19.07904762,6
3/23/2024,2024,3,23,67.15269841,4.955873016,100.217619,1.862063492,200.3809524,24.73111111,17.42222222,30.36603175,19.39952381,4
3/24/2024,2024,3,24,73.06063492,7.983174603,100.4042857,2.10952381,180.8873016,25.74285714,19.56015873,31.80380952,20.60380952,11
3/25/2024,2024,3,25,72.04603175,4.464603175,100.4439683,1.692222222,168.7730159,26.1884127,19.8352381,31.96349206,21.33730159,10
3/26/2024,2024,3,26,70.06238095,7.80952381,100.4879365,1.633492063,182.1126984,26.5947619,19.72015873,32.47619048,21.68285714,4
3/27/2024,2024,3,27,67.15396825,0.234285714,100.63,1.556984127,169.8063492,26.77015873,19.18380952,32.58174603,21.65571429,14
3/28/2024,2024,3,28,67.58285714,1.686507937,100.3987302,1.674603175,146.8190476,26.80190476,19.27698413,32.6647619,21.74746032,10
3/29/2024,2024,3,29,69.02793651,2.62,100.2726984,1.683333333,154.8650794,27.2352381,20.09047619,32.94190476,22.25285714,4
3/30/2024,2024,3,30,74.29349206,5.413968254,100.3180952,2.178571429,192.1285714,27.89984127,22.04380952,33.23396825,23.27603175,11
3/31/2024,2024,3,31,71.94269841,11.63873016,100.2250794,2.818888889,211.3634921,28.4431746,21.7831746,34.5752381,23.83285714,21
4/1/2024,2024,4,1,67.62333333,11.23920635,99.88460317,3.19015873,226.9047619,28.28428571,20.03507937,34.75238095,23.38666667,14
4/2/2024,2024,4,2,63.78793651,0.371904762,99.89603175,2.456190476,231.0126984,28.45650794,19.03031746,34.98698413,22.89952381,10
4/3/2024,2024,4,3,63.80380952,1.127777778,100.0693651,2.27031746,228.5031746,28.62095238,19.08380952,35.20920635,23.04492063,6
4/4/2024,2024,4,4,66.17619048,0.601111111,100.0280952,2.491746032,215.8746032,29.00349206,20.46539683,35.58507937,23.06380952,11
4/5/2024,2024,4,5,67.47507937,1.69047619,99.90079365,2.323492063,210.2507937,29.39777778,21.09936508,35.68031746,24.14126984,1
4/6/2024,2024,4,6,63.16269841,0.36047619,99.89142857,2.16,215.968254,29.91460317,20.17904762,36.48349206,24.26555556,9
4/7/2024,2024,4,7,64.26365079,4.30047619,99.94857143,2.003492063,216.9206349,29.64428571,20.69285714,35.89587302,24.51079365,13
4/8/2024,2024,4,8,54.35380952,0.293174603,100.2465079,2.331428571,272.6492063,29.15587302,17.54634921,35.35777778,23.81031746,5
4/9/2024,2024,4,9,49.82460317,0.000634921,100.3085714,1.502222222,194.4365079,28.99984127,16.02111111,35.5684127,23.04396825,15
4/10/2024,2024,4,10,48.96063492,0.001269841,100.3144444,1.465238095,214.7301587,29.12857143,15.6784127,35.67857143,23.14015873,0
4/11/2024,2024,4,11,48.72825397,0.026507937,100.4077778,1.453333333,182.1333333,29.07873016,15.8715873,35.65365079,23.26095238,18
4/12/2024,2024,4,12,47.21793651,0.057460317,100.3601587,1.43015873,207.2063492,29.77793651,16.06761905,35.96047619,23.71031746,2
4/13/2024,2024,4,13,49.32539683,0.013174603,100.3030159,1.376031746,185.8095238,29.89555556,16.81365079,36.29301587,23.64714286,14
4/14/2024,2024,4,14,48.42222222,0.038412698,100.2985714,1.365396825,220.0761905,30.64126984,17.1331746,36.78746032,24.63793651,8
4/15/2024,2024,4,15,50.65111111,0.275238095,100.2403175,1.615714286,233.8079365,31.24190476,18.53190476,37.45396825,25.28238095,34
4/16/2024,2024,4,16,55.70746032,0.655238095,100.0260317,2.098412698,213.5555556,31.49603175,20.26619048,37.74031746,26.16888889,34
4/17/2024,2024,4,17,61.98365079,3.107460317,99.85095238,2.719206349,212.7793651,30.97301587,21.31174603,37.1052381,25.56714286,17
4/18/2024,2024,4,18,62.17936508,5.909206349,99.77492063,2.245079365,197.8365079,30.73253968,20.00142857,36.72111111,25.67936508,23
4/19/2024,2024,4,19,62.26031746,2.936666667,99.55,3.03031746,207.2539683,30.83206349,20.41952381,37.60142857,25.02761905,13
4/20/2024,2024,4,20,58.58873016,3.952380952,99.49666667,3.502539683,225.3952381,31.55079365,19.64333333,38.71444444,25.65714286,17
4/21/2024,2024,4,21,57.38873016,0.506825397,99.6231746,3.304444444,224.9063492,31.69873016,19.40333333,38.79698413,25.82365079,34
4/22/2024,2024,4,22,57.20952381,1.77968254,99.77619048,2.624285714,226.8079365,31.66873016,19.36444444,38.35507937,26.37968254,37
4/23/2024,2024,4,23,52.33428571,0.526984127,99.74079365,2.477619048,224.4015873,31.50365079,18.31920635,38.25492063,25.67396825,11
4/24/2024,2024,4,24,51.0315873,0.282698413,99.70809524,2.708730159,227.4047619,31.95634921,18.32269841,38.85666667,25.86698413,33
4/25/2024,2024,4,25,49.96761905,0.236666667,99.73968254,2.415873016,227.9714286,32.30380952,17.58015873,39.37619048,26.09460317,19
4/26/2024,2024,4,26,53.46936508,0.476190476,99.75333333,2.624603175,219.8238095,32.05031746,18.71126984,38.9084127,25.70095238,8
4/27/2024,2024,4,27,56.85666667,2.114761905,99.73904762,2.394126984,206.584127,32.05666667,19.86904762,39.09634921,25.97126984,15
4/28/2024,2024,4,28,57.54492063,1.436507937,99.75333333,2.773809524,218.5825397,32.58380952,20.74238095,39.48349206,26.82809524,31
4/29/2024,2024,4,29,53.82063492,1.076507937,99.8052381,2.907619048,224.2333333,32.85825397,19.15301587,39.89333333,26.97428571,28
4/30/2024,2024,4,30,53.86285714,0.308095238,99.46142857,3.416031746,216.0619048,33.21412698,19.44349206,40.82412698,26.79349206,24
5/1/2024,2024,5,1,53.44555556,2.73984127,99.38714286,3.03015873,218.5111111,32.7584127,18.39984127,39.83666667,26.97396825,11
5/2/2024,2024,5,2,56.60730159,9.346825397,99.46333333,3.153492063,221.6984127,31.97634921,18.81365079,38.1531746,27.30142857,19
5/3/2024,2024,5,3,51.49571429,4.562380952,99.8068254,2.038888889,216.4428571,31.41698413,15.85,37.71746032,25.5684127,9
5/4/2024,2024,5,4,58.58253968,3.265079365,99.87111111,2.19984127,181.3793651,30.82349206,19.58301587,36.51603175,25.53460317,13
5/5/2024,2024,5,5,68.38888889,16.63460317,99.65460317,3.322063492,184.1857143,30.53904762,22.4131746,35.81587302,26.53095238,27
5/6/2024,2024,5,6,76.77888889,32.48666667,99.95,3.607936508,154.4,29.55444444,24.36079365,34.22174603,26.24142857,35
5/7/2024,2024,5,7,75.52412698,20.33111111,100.2825397,2.116507937,121.3365079,27.94539683,22.70190476,31.83507937,25.09095238,15
5/8/2024,2024,5,8,74.17079365,24.6652381,100.2861905,1.415079365,145.2015873,27.04079365,21.79571429,30.15333333,24.1152381,22
5/9/2024,2024,5,9,70.57984127,5.684285714,100.2222222,1.186031746,184.5603175,27.77746032,21.62555556,31.33968254,23.96444444,31
5/10/2024,2024,5,10,73.71301587,11.31301587,100.2219048,1.397777778,198.2555556,27.88936508,22.48126984,31.29936508,24.76825397,6
5/11/2024,2024,5,11,77.49047619,15.59730159,100.2692063,1.905714286,175.9079365,28.03920635,23.44238095,31.6568254,24.97809524,17
5/12/2024,2024,5,12,75.48412698,5.428253968,100.2903175,1.473174603,151.4825397,28.48111111,23.36761905,32.52904762,24.82444444,46
5/13/2024,2024,5,13,71.78444444,1.598571429,100.2057143,1.32031746,175.3396825,29.21714286,23.12063492,33.37746032,25.05571429,36
5/14/2024,2024,5,14,70.13190476,0.965714286,100.1612698,1.431746032,204.3047619,29.96873016,23.36238095,34.08634921,26.12365079,28
5/15/2024,2024,5,15,71.41047619,1.306190476,100.2674603,1.670634921,205.7698413,30.06555556,23.8068254,33.90761905,26.54206349,21
5/16/2024,2024,5,16,70.74031746,2.45047619,100.162381,1.75984127,225.1063492,30.38444444,23.91206349,34.38873016,26.44365079,24
5/17/2024,2024,5,17,68.68698413,1.707619048,99.93492063,2.072380952,218.3619048,30.75460317,23.43460317,35.64444444,26.51825397,12
5/18/2024,2024,5,18,73.93015873,11.28015873,99.79555556,2.062857143,190.5222222,30.37238095,24.33444444,34.66396825,27.14095238,13
5/19/2024,2024,5,19,74.80126984,9.059365079,99.69031746,2.078730159,177.8428571,30.25873016,24.54904762,34.86,26.71539683,34
5/20/2024,2024,5,20,74.53444444,12.40936508,99.79365079,1.600793651,171.0142857,29.86952381,24.40634921,33.76460317,26.59460317,27
5/21/2024,2024,5,21,73.2215873,8.254444444,99.80984127,1.247142857,171.8619048,30.08634921,24.42206349,33.7484127,26.47333333,21
5/22/2024,2024,5,22,72.91031746,8.033174603,99.82206349,1.406825397,159.0619048,30.42253968,24.6931746,34.02968254,27.06301587,7
5/23/2024,2024,5,23,69.91825397,1.842857143,99.66238095,1.408412698,132.8,31.01587302,24.47111111,35.10396825,27.06650794,31
5/24/2024,2024,5,24,68.94714286,2.493492063,99.45,1.821746032,119.715873,31.84428571,24.86222222,36.39428571,27.60873016,12
5/25/2024,2024,5,25,71.57793651,3.174761905,99.25825397,2.317936508,109.4777778,31.75206349,25.3447619,36.56634921,27.64206349,19
5/26/2024,2024,5,26,81.74666667,53.47031746,98.98777778,5.178888889,96.43015873,30.15936508,26.45063492,33.32206349,27.75936508,28
5/27/2024,2024,5,27,87.42412698,71.05825397,98.47952381,8.43047619,139.0857143,28.51444444,26.19206349,30.16904762,27.12793651,16
5/28/2024,2024,5,28,84.89095238,64.26301587,98.89936508,4.594603175,219.4365079,29.4,26.23063492,32.91650794,26.51079365,6
5/29/2024,2024,5,29,86.55063492,11.92809524,99.24507937,4.059365079,178.0730159,30.27809524,27.46047619,33.79285714,27.95809524,15
5/30/2024,2024,5,30,85.57666667,15.2368254,99.47333333,3.895238095,175.9365079,30.14349206,27.19190476,33.41126984,27.9815873,25
5/31/2024,2024,5,31,85.34412698,15.94825397,99.64174603,2.852857143,183.7888889,29.71587302,26.83650794,32.64634921,27.60873016,18
6/1/2024,2024,6,1,82.15333333,9.509365079,99.76428571,2.596825397,190.7984127,29.86920635,26.23904762,33.40761905,27.07984127,16
6/2/2024,2024,6,2,83.0484127,16.84063492,99.81444444,3.184603175,190.0698413,29.7931746,26.35809524,33.11714286,27.22555556,34
6/3/2024,2024,6,3,84.90746032,31.94047619,99.73984127,2.801111111,192.3507937,29.1268254,26.11301587,31.89015873,27.16460317,22
6/4/2024,2024,6,4,84.49984127,18.9452381,99.77190476,2.668730159,172.4396825,29.33285714,26.19079365,32.76650794,26.76603175,35
6/5/2024,2024,6,5,82.77396825,13.97031746,99.79619048,1.834285714,167.5904762,29.68301587,26.19190476,33.10333333,26.88142857,24
6/6/2024,2024,6,6,84.55825397,20.04873016,99.79888889,1.796666667,177.384127,29.61873016,26.5615873,32.39825397,27.16793651,19
6/7/2024,2024,6,7,81.8147619,8.85047619,99.6315873,2.441587302,200.915873,30.1315873,26.27222222,33.53952381,27.44555556,16
6/8/2024,2024,6,8,82.96968254,12.42444444,99.50619048,3.148730159,184.6460317,30.16031746,26.54809524,33.88460317,27.38825397,12
6/9/2024,2024,6,9,85.90539683,23.25571429,99.45190476,2.914920635,173.3015873,29.84,26.99095238,32.89095238,27.70126984,25
6/10/2024,2024,6,10,87.33904762,12.32873016,99.50206349,2.753492063,176.2095238,29.67190476,27.18555556,32.31619048,27.81111111,47
6/11/2024,2024,6,11,85.55857143,5.726190476,99.52539683,2.857301587,174.8333333,29.5215873,26.73666667,32.33365079,27.37190476,15
6/12/2024,2024,6,12,83.38650794,11.64412698,99.52968254,2.78984127,176.2857143,29.57206349,26.24809524,32.97492063,26.72952381,32
6/13/2024,2024,6,13,85.87190476,19.95539683,99.44619048,3.085238095,178.4650794,29.48492063,26.68142857,32.45095238,27.32968254,31
6/14/2024,2024,6,14,87.09428571,16.44079365,99.35809524,3.389206349,167.0460317,29.64984127,27.09031746,32.56269841,27.52730159,12
6/15/2024,2024,6,15,87.66920635,17.60888889,99.36904762,3.498730159,168.215873,29.64968254,27.25380952,32.43238095,27.69746032,14
6/16/2024,2024,6,16,84.64888889,13.07126984,99.51238095,3.261428571,173.7412698,30.1131746,26.97619048,33.38333333,27.76650794,4
6/17/2024,2024,6,17,85.76698413,24.18793651,99.54793651,3.540634921,181.7444444,29.87206349,26.95142857,32.76206349,27.92936508,0
6/18/2024,2024,6,18,86.77349206,25.75396825,99.36619048,3.958888889,178.1539683,29.67333333,26.99746032,32.26079365,27.96190476,7
6/19/2024,2024,6,19,89.29936508,39.16253968,99.25619048,3.672857143,177.9555556,29.00936508,26.97444444,31.29222222,27.23571429,59
6/20/2024,2024,6,20,87.66126984,20.24428571,99.34555556,2.643809524,178.1507937,28.66269841,26.31587302,31.3715873,26.7584127,27
6/21/2024,2024,6,21,83.86857143,9.018888889,99.41412698,1.687142857,178.3349206,29.06904762,25.89333333,32.06079365,26.57968254,11
6/22/2024,2024,6,22,83.23968254,5.441111111,99.41984127,1.82952381,167.5412698,29.21111111,25.91380952,32.13888889,26.64888889,28
6/23/2024,2024,6,23,82.71349206,4.456190476,99.47222222,1.858888889,183.6238095,29.58777778,26.13873016,32.77380952,26.79603175,42
6/24/2024,2024,6,24,84.40047619,3.819206349,99.39968254,2.462380952,189.5190476,29.34238095,26.26587302,31.98349206,27.16349206,34
6/25/2024,2024,6,25,82.99555556,5.563333333,99.37507937,2.12952381,184.4761905,29.68634921,26.30968254,32.66746032,27.19142857,43
6/26/2024,2024,6,26,82.07698413,8.030952381,99.40809524,1.698730159,160.1936508,29.98031746,26.40079365,33.04063492,27.35507937,34
6/27/2024,2024,6,27,86.29571429,13.97761905,99.56952381,3.013333333,145.8730159,29.06492063,26.43031746,31.69428571,27.21174603,42
6/28/2024,2024,6,28,86.12936508,17.44444444,99.41603175,3.584444444,156.8920635,29.3,26.60365079,32.34492063,26.94365079,9
6/29/2024,2024,6,29,87.84936508,21.49888889,99.38,3.655079365,172.2,29.03587302,26.72206349,31.56412698,27.1668254,60
6/30/2024,2024,6,30,90.02761905,80.34761905,99.34412698,3.729365079,191.4095238,28.89412698,27.04015873,30.80619048,27.47,44
7/1/2024,2024,7,1,90.62587302,85.88095238,99.29285714,3.73,214.7031746,28.39984127,26.67587302,30.07365079,27.11031746,51
7/2/2024,2024,7,2,89.27412698,45.4468254,99.23365079,3.267301587,205.3873016,28.4468254,26.45396825,31.04952381,26.59031746,49
7/3/2024,2024,7,3,89.07920635,33.10063492,99.37698413,3.514761905,182.552381,28.42285714,26.38968254,31.08539683,26.56777778,61
7/4/2024,2024,7,4,89.52190476,29.07666667,99.60412698,3.613809524,171.1507937,28.31571429,26.3868254,30.58904762,26.45873016,32
7/5/2024,2024,7,5,90.06063492,23.85222222,99.53,3.316984127,181.384127,28.33571429,26.50793651,30.45396825,26.7684127,22
7/6/2024,2024,7,6,88.77746032,16.89,99.49920635,2.676666667,176.931746,28.50650794,26.40809524,31.11206349,26.57492063,26
7/7/2024,2024,7,7,86.78015873,10.26396825,99.61587302,2.173809524,163.0142857,28.79444444,26.27412698,31.6784127,26.47460317,86
7/8/2024,2024,7,8,86.57904762,5.378095238,99.64619048,2.464285714,171.9380952,28.69507937,26.14380952,31.40142857,26.49666667,63
7/9/2024,2024,7,9,87.33746032,6.33968254,99.74793651,2.688888889,181.5301587,28.90063492,26.48936508,31.83793651,26.6168254,88
7/10/2024,2024,7,10,88.00746032,16.58873016,99.79492063,3.029365079,198.1269841,28.89222222,26.63333333,31.32761905,27.03111111,79
7/11/2024,2024,7,11,89.32412698,37.30079365,99.53460317,3.37047619,202.0968254,28.77888889,26.80031746,31.24095238,26.9768254,103
7/12/2024,2024,7,12,88.63238095,40.37714286,99.35206349,2.87984127,193.0079365,28.5768254,26.45333333,31.15555556,26.75984127,25
7/13/2024,2024,7,13,86.45825397,16.42619048,99.18619048,2.32984127,178.3952381,28.90031746,26.30047619,31.99349206,26.35444444,75
7/14/2024,2024,7,14,85.95666667,5.901904762,99.17015873,2.223015873,147.2206349,29.27031746,26.56380952,32.20888889,26.71095238,155
7/15/2024,2024,7,15,87.28031746,4.829365079,99.36714286,2.982698413,124.8380952,29.26746032,26.84507937,32.19253968,26.90571429,112
7/16/2024,2024,7,16,88.3052381,6.812380952,99.50142857,2.603968254,143.1285714,28.99396825,26.80222222,31.65857143,27.1347619,110
7/17/2024,2024,7,17,85.95698413,2.212063492,99.41746032,2.04952381,149.4873016,29.40460317,26.70047619,32.36285714,26.9715873,25
7/18/2024,2024,7,18,84.40634921,1.436825397,99.29507937,2.248730159,132.9825397,29.86793651,26.81793651,32.92603175,27.17873016,50
7/19/2024,2024,7,19,86.42634921,4.372857143,99.12634921,3.514761905,135.0571429,29.66015873,27.05507937,32.7584127,27.38460317,90
7/20/2024,2024,7,20,86.52904762,6.718888889,99.24190476,4.007936508,144.2031746,29.15222222,26.57619048,32.20238095,27.03444444,115
7/21/2024,2024,7,21,87.77873016,11.5531746,99.3131746,4.033333333,151.8825397,28.85571429,26.55365079,31.65984127,26.93698413,98
7/22/2024,2024,7,22,88.86777778,11.2452381,99.41285714,3.993174603,161.2,28.70666667,26.64015873,31.16920635,27.00238095,103
7/23/2024,2024,7,23,87.34809524,8.065396825,99.23587302,3.708095238,160.9349206,28.79571429,26.39952381,31.6984127,26.78349206,80
7/24/2024,2024,7,24,87.75238095,6.016666667,98.86111111,3.348730159,160.168254,29.09031746,26.7715873,32.18920635,26.56079365,174
7/25/2024,2024,7,25,87.21333333,16.99126984,98.68492063,2.792222222,155.5777778,29.45555556,27.02,32.16809524,27.30206349,263
7/26/2024,2024,7,26,86.61634921,16.20904762,98.68920635,3.282698413,128.647619,29.85095238,27.2684127,33.04571429,27.40444444,148
7/27/2024,2024,7,27,87.42793651,7.720952381,99.02412698,3.732539683,146.0285714,29.38904762,27.00253968,32.34444444,27.23714286,98
7/28/2024,2024,7,28,85.96888889,6.363015873,99.18809524,2.758730159,147.615873,29.49111111,26.77857143,32.7168254,26.9847619,272
7/29/2024,2024,7,29,87.47269841,13.38174603,99.20206349,3.092222222,153.7206349,29.16920635,26.78285714,32.13761905,27.0931746,226
7/30/2024,2024,7,30,89.35809524,12.27396825,99.39222222,3.068253968,181.6460317,28.77333333,26.80444444,31.13444444,27.05031746,150
7/31/2024,2024,7,31,90.31809524,39.31873016,99.42492063,2.523015873,169.6365079,28.76095238,26.9568254,31.07777778,27.06793651,176
8/1/2024,2024,8,1,90.74269841,82.18730159,99.25190476,4.581111111,154.0888889,28.15460317,26.45777778,30.41428571,26.62333333,197
8/2/2024,2024,8,2,92.59190476,84.07888889,99.40285714,4.553968254,163.0174603,27.44555556,26.1452381,28.77539683,26.49984127,80
8/3/2024,2024,8,3,91.39269841,32.23650794,99.70539683,3.852539683,168.2603175,27.7252381,26.18396825,29.48984127,26.37555556,154
8/4/2024,2024,8,4,88.03206349,17.9352381,99.83730159,2.722857143,190,28.29619048,26.05428571,31.04555556,26.16380952,211
8/5/2024,2024,8,5,88.62253968,17.32222222,99.76952381,2.570634921,192.6285714,28.26619048,26.14698413,30.78968254,26.34539683,35
8/6/2024,2024,8,6,90.4615873,15.05047619,99.5968254,2.42015873,167.0730159,27.98650794,26.24571429,30.19253968,26.35380952,192
8/7/2024,2024,8,7,90.08206349,9.83968254,99.63142857,2.989047619,155.015873,27.90809524,26.09206349,30.18380952,26.23142857,159
8/8/2024,2024,8,8,90.26920635,17.85253968,99.76428571,3.097301587,166.6730159,27.76396825,25.9831746,30.12650794,25.97380952,181
8/9/2024,2024,8,9,89.69714286,20.0268254,99.83761905,3.043492063,177.5952381,28.01968254,26.12079365,30.55698413,26.01031746,34
8/10/2024,2024,8,10,89.02111111,21.55857143,99.76380952,2.815079365,189.2507937,28.42031746,26.37412698,31.11063492,26.24507937,204
8/11/2024,2024,8,11,89.92761905,18.5747619,99.68857143,2.31,202.4730159,28.38460317,26.52698413,30.68904762,26.62634921,202
8/12/2024,2024,8,12,90.21809524,18.93349206,99.70555556,2.038730159,198.7206349,28.29730159,26.49936508,30.55714286,26.5968254,285
8/13/2024,2024,8,13,89.56190476,16.04492063,99.72793651,1.776031746,187.5079365,28.68333333,26.74015873,31.2815873,26.66904762,215
8/14/2024,2024,8,14,89.21761905,11.00904762,99.73968254,1.667460317,171.2365079,28.64,26.63571429,31.02920635,26.74174603,233
8/15/2024,2024,8,15,89.44809524,9.92952381,99.6468254,1.947301587,156.1507937,28.46126984,26.50634921,30.78587302,26.50857143,228
8/16/2024,2024,8,16,90.39174603,29.6952381,99.55761905,1.897936508,147.3714286,28.02904762,26.27571429,30.15571429,26.35968254,50
8/17/2024,2024,8,17,89.33904762,29.0584127,99.61047619,2.645396825,127.2142857,27.88761905,25.91269841,30.30380952,26.0447619,237
8/18/2024,2024,8,18,91.26873016,34.85412698,99.67730159,3.266190476,126.6015873,27.64174603,26.05650794,29.69269841,25.99174603,334
8/19/2024,2024,8,19,92.17603175,39.90809524,99.58142857,3.506666667,143.6539683,27.37587302,25.97904762,28.98079365,26.14206349,265
8/20/2024,2024,8,20,91.37444444,50.81365079,99.72555556,3.204920635,180.5396825,27.96095238,26.39714286,30.16603175,26.1447619,249
8/21/2024,2024,8,21,92.52714286,36.79984127,99.83253968,3.075873016,190.8746032,27.80698413,26.47174603,29.44793651,26.5784127,296
8/22/2024,2024,8,22,92.53984127,49.91587302,99.77285714,3.046349206,161.7619048,27.51412698,26.18253968,29.28301587,26.15126984,217
8/23/2024,2024,8,23,91.73920635,35.64650794,99.81888889,2.697777778,158.2571429,27.44746032,25.96666667,29.27190476,26.02888889,78
8/24/2024,2024,8,24,91.36333333,23.81984127,99.85095238,2.38015873,174.0888889,27.32571429,25.77333333,29.22825397,25.7815873,303
8/25/2024,2024,8,25,91.65174603,48.82444444,99.68126984,2.489206349,163.1873016,26.90714286,25.41888889,28.72206349,25.56269841,319
8/26/2024,2024,8,26,91.4884127,23.48507937,99.65825397,3.329365079,150.0587302,26.84222222,25.32301587,28.79047619,25.36571429,105
8/27/2024,2024,8,27,89.27412698,6.891428571,99.87857143,2.258253968,155.9142857,27.47873016,25.50253968,30.18539683,25.31333333,364
8/28/2024,2024,8,28,87.19698413,4.167619048,99.79746032,1.357460317,172.531746,27.8068254,25.39761905,30.52793651,25.64746032,326
8/29/2024,2024,8,29,85.11269841,4.829206349,99.70412698,1.339047619,163.3539683,28.30253968,25.46761905,31.22047619,25.59730159,269
8/30/2024,2024,8,30,86.94920635,3.765555556,99.74539683,2.020634921,148.0714286,28.51746032,26.0547619,31.49809524,26.11761905,153
8/31/2024,2024,8,31,88.97777778,6.396666667,99.80047619,2.364761905,156.4444444,28.27396825,26.23539683,30.73920635,26.28746032,346
9/1/2024,2024,9,1,88.86857143,7.654126984,99.91984127,1.998888889,145.3015873,28.09349206,26.02793651,30.41365079,26.29825397,478
9/2/2024,2024,9,2,85.66650794,5.791111111,99.89761905,1.275238095,164.2333333,28.57492063,25.84190476,31.33730159,26.22555556,289
9/3/2024,2024,9,3,87.60619048,15.28031746,99.93174603,1.213650794,176.6619048,28.28571429,25.97079365,30.55619048,26.55269841,335
9/4/2024,2024,9,4,87.16301587,4.016031746,99.70904762,1.498730159,202.2063492,28.26238095,25.85603175,30.80095238,26.15095238,385
9/5/2024,2024,9,5,87.09698413,8.683809524,99.60492063,1.330634921,157.7920635,28.23285714,25.8147619,30.61174603,26.29634921,358
9/6/2024,2024,9,6,83.91174603,12.5931746,99.62015873,1.331587302,85.77619048,28.97412698,25.88365079,31.45761905,26.35301587,118
9/7/2024,2024,9,7,86.1815873,7.926825397,99.63492063,1.981587302,122.384127,28.85396825,26.20952381,31.4815873,26.39285714,403
9/8/2024,2024,9,8,86.64857143,5.48,99.62460317,2.17968254,145.2412698,29.23809524,26.69174603,31.98968254,26.93634921,463
9/9/2024,2024,9,9,88.85095238,4.963015873,99.48015873,2.826984127,134.7380952,28.70285714,26.62666667,31.06666667,26.82920635,615
9/10/2024,2024,9,10,89.31984127,4.836031746,99.49206349,2.709206349,150.0634921,28.7052381,26.72539683,31.12984127,26.88492063,534
9/11/2024,2024,9,11,89.37015873,17.91777778,99.56365079,1.826190476,160.7952381,28.79920635,26.8315873,30.82063492,27.01873016,465
9/12/2024,2024,9,12,86.02873016,20.11793651,99.47222222,2.023015873,203.715873,29.48825397,26.76539683,32.21698413,27.07984127,561
9/13/2024,2024,9,13,89.17269841,56.22634921,99.21761905,2.838730159,213.1666667,28.83873016,26.80587302,31.35936508,27.03285714,196
9/14/2024,2024,9,14,91.94698413,53.20857143,99.04015873,5.04047619,132.4777778,27.39936508,25.97015873,28.97873016,26.04952381,548
9/15/2024,2024,9,15,91.46936508,50.05492063,99.16063492,5.651111111,129.7539683,26.79412698,25.27793651,28.46285714,25.46301587,486
9/16/2024,2024,9,16,88.93555556,18.03142857,99.57825397,3.961904762,141.5984127,27.40333333,25.35619048,29.9052381,25.32619048,267
9/17/2024,2024,9,17,85.87507937,2.136190476,99.82190476,1.766507937,155.615873,28.36190476,25.66666667,31.44793651,25.62222222,872
9/18/2024,2024,9,18,82.83825397,1.662539683,99.72968254,0.963809524,251.2492063,29.04825397,25.69571429,32.31555556,25.91349206,865
9/19/2024,2024,9,19,86.2647619,5.000793651,99.65206349,1.489365079,307.1746032,29.25539683,26.62920635,32.40571429,26.28714286,887
9/20/2024,2024,9,20,84.96492063,6.138571429,99.63539683,1.235555556,310.6904762,29.95920635,27.01793651,33.4584127,26.90349206,299
9/21/2024,2024,9,21,86.77619048,14.47761905,99.73555556,1.42015873,220.1809524,29.41634921,26.88396825,32.34253968,26.98603175,843
9/22/2024,2024,9,22,84.46269841,6.32031746,99.63047619,1.256984127,199.5857143,29.60333333,26.57492063,32.65619048,26.61301587,926
9/23/2024,2024,9,23,86.21444444,10.3152381,99.67603175,1.633015873,110.352381,29.50269841,26.82444444,32.27650794,27.15984127,866
9/24/2024,2024,9,24,90.7415873,19.56873016,99.75777778,2.348888889,138.9412698,28.1184127,26.44238095,29.99396825,26.77666667,801
9/25/2024,2024,9,25,92.52126984,56.78698413,99.96253968,3.180952381,136.1222222,26.96222222,25.64063492,28.5247619,25.78587302,854
9/26/2024,2024,9,26,91.78444444,40.45047619,100.1596825,2.748888889,150.0396825,26.91650794,25.45,28.85793651,25.61666667,829
9/27/2024,2024,9,27,88.19238095,14.41603175,100.2804762,2.111428571,158.4285714,27.25904762,25.05650794,29.70492063,25.28793651,321
9/28/2024,2024,9,28,87.88142857,5.724444444,100.2055556,1.857619048,197.1619048,27.8484127,25.58666667,30.7652381,25.3768254,860
9/29/2024,2024,9,29,88.94904762,8.22984127,100.1266667,1.95984127,232.7746032,28.30587302,26.25412698,31.06698413,26.14428571,1221
9/30/2024,2024,9,30,89.27460317,5.338888889,99.98714286,1.86952381,246.0031746,28.50539683,26.51666667,31.1584127,26.35396825,1152
10/1/2024,2024,10,1,89.26269841,10.01428571,99.7647619,1.485238095,246.4269841,28.77587302,26.78174603,31.27365079,26.65238095,1144
10/2/2024,2024,10,2,88.84587302,15.1852381,99.67539683,1.641428571,241.1603175,28.15920635,26.09365079,30.13031746,26.36984127,1017
10/3/2024,2024,10,3,90.4884127,39.39650794,99.6515873,2.152063492,177.5555556,27.31936508,25.59634921,29.46015873,25.73206349,1022
10/4/2024,2024,10,4,90.50666667,30.46190476,99.83809524,2.63968254,166.1095238,27.30301587,25.58063492,29.33,25.77952381,317
10/5/2024,2024,10,5,91.97126984,27.93380952,100.0509524,2.502857143,172.4174603,27.03412698,25.60285714,28.87222222,25.76793651,927
10/6/2024,2024,10,6,88.76349206,10.84396825,100.3225397,1.547301587,154.484127,27.10365079,25.02571429,29.29015873,25.45492063,1225
10/7/2024,2024,10,7,86.12031746,7.063015873,100.537619,1.008730159,164.8047619,27.38650794,24.77619048,30.15222222,25.18301587,1218
10/8/2024,2024,10,8,85.83285714,5.752222222,100.5119048,1.003174603,232.7238095,27.41333333,24.74126984,30.11492063,25.14857143,981
10/9/2024,2024,10,9,87.28412698,6.967619048,100.3111111,1.347460317,224.5904762,27.19539683,24.82730159,29.82428571,25.17507937,1033
10/10/2024,2024,10,10,88.22873016,7.265555556,100.2044444,1.53031746,220.7142857,27.12634921,24.9484127,29.72126984,25.09809524,583
10/11/2024,2024,10,11,87.12888889,6.374126984,100.1560317,1.761904762,224.5904762,27.53634921,25.1215873,30.42412698,25.40079365,490
10/12/2024,2024,10,12,84.56809524,6.542380952,100.301746,1.270952381,233.4142857,27.60412698,24.67063492,30.37793651,25.18444444,915
10/13/2024,2024,10,13,82.37079365,1.269365079,100.3834921,1.097460317,213.1190476,27.49396825,24.11539683,30.62412698,24.81047619,660
10/14/2024,2024,10,14,80.96063492,0.859047619,100.3631746,1.266190476,101.0460317,27.07253968,23.39984127,30.28571429,24.01571429,1186
10/15/2024,2024,10,15,79.41206349,1.630793651,100.3165079,0.956825397,203.8301587,27.15285714,23.17301587,30.11190476,24.47984127,1108
10/16/2024,2024,10,16,79.32190476,1.944285714,100.3357143,0.78952381,146.115873,27.3352381,23.30111111,30.52666667,24.37126984,1186
10/17/2024,2024,10,17,82.95269841,7.028095238,100.344127,1.102380952,148.0952381,27.15825397,23.8731746,30.34428571,24.48603175,1100
10/18/2024,2024,10,18,84.42174603,4.741746032,100.2985714,1.039365079,189.6555556,27.05698413,24.08587302,29.98571429,24.65126984,411
10/19/2024,2024,10,19,82.33587302,10.49809524,100.3914286,0.94952381,250.0698413,27.20174603,23.81904762,30.05142857,24.57428571,1121
10/20/2024,2024,10,20,83.28761905,4.582698413,100.517619,1.445079365,121.7777778,26.10761905,22.9352381,29.3031746,23.46396825,1298
10/21/2024,2024,10,21,83.1668254,0.186984127,100.4131746,1.647777778,161.9396825,25.99253968,22.78555556,29.61857143,22.68920635,1039
10/22/2024,2024,10,22,82.6447619,5.942380952,100.3520635,1.44,122.0142857,26.82634921,23.48968254,30.53269841,22.96809524,1139
10/23/2024,2024,10,23,88.98984127,43.11174603,100.2906349,2.085555556,69.06190476,26.44587302,24.43730159,29.15380952,24.35539683,1138
10/24/2024,2024,10,24,91.12412698,23.17634921,100.1674603,4.050952381,80.20952381,25.70730159,24.1284127,27.82857143,24.0115873,1029
10/25/2024,2024,10,25,88.3052381,19.46095238,100.1625397,3.727936508,106.7126984,26.35730159,24.20698413,29.1915873,24.10365079,477
10/26/2024,2024,10,26,86.16746032,12.91714286,100.2298413,2.197619048,126.1269841,26.83190476,24.22936508,29.90396825,24.46714286,961
10/27/2024,2024,10,27,82.44587302,0.80984127,100.1696825,1.095396825,167.2269841,26.84920635,23.47396825,30.19460317,23.79666667,1248
10/28/2024,2024,10,28,82.69253968,0.154761905,100.1001587,1.096190476,216.0031746,26.76444444,23.46031746,30.12825397,23.64793651,1197
10/29/2024,2024,10,29,82.62793651,0.477936508,100.1674603,1.025396825,243.631746,26.93,23.59460317,30.44015873,23.7415873,1312
10/30/2024,2024,10,30,84.28,1.241428571,100.2926984,1.181269841,217.8015873,26.90015873,23.91571429,30.05746032,23.90714286,1154
10/31/2024,2024,10,31,84.99333333,3.656190476,100.3474603,1.28047619,233.5333333,26.97603175,24.13904762,30.11222222,24.20333333,1243
11/1/2024,2024,11,1,82.64444444,6.621587302,100.4807937,1.124285714,206.868254,26.52555556,23.18349206,29.84984127,23.67,382
11/2/2024,2024,11,2,80.88380952,1.307460317,100.5861905,1.445396825,80.08888889,25.63857143,21.94015873,29.36746032,22.23190476,966
11/3/2024,2024,11,3,76.81904762,0.128571429,100.584127,1.291904762,141.7936508,25.67936508,21.10126984,29.34111111,21.92206349,1306
11/4/2024,2024,11,4,77.42936508,1.434126984,100.5407937,1.136984127,61.71111111,25.62238095,21.23253968,29.05269841,22.17746032,1297
11/5/2024,2024,11,5,80.64857143,4.078412698,100.6236508,1.23952381,41.71587302,25.5747619,21.87761905,28.94571429,22.04809524,1370
11/6/2024,2024,11,6,82.25047619,2.602539683,100.6746032,1.171904762,56.14761905,25.14825397,21.75857143,28.4015873,22.52253968,1109
11/7/2024,2024,11,7,80.96349206,1.492063492,100.6701587,1.227301587,65.40634921,24.89555556,21.24793651,28.28380952,21.86095238,1209
11/8/2024,2024,11,8,79.67666667,0.013809524,100.647619,1.290952381,49.12222222,24.62269841,20.69285714,28.44793651,21.05492063,466
11/9/2024,2024,11,9,79.73793651,0.001111111,100.6444444,1.398412698,52.20793651,24.52031746,20.59492063,28.5868254,20.77206349,1134
11/10/2024,2024,11,10,79.44285714,0.014761905,100.6742857,1.370634921,44.41587302,24.27333333,20.3031746,28.39904762,20.25111111,1337
11/11/2024,2024,11,11,78.81269841,0.008888889,100.6155556,1.313333333,103.0746032,24.39190476,20.31333333,28.28904762,20.44904762,1194
11/12/2024,2024,11,12,79.21857143,0.022539683,100.5446032,1.447936508,205.1507937,24.36492063,20.39619048,28.30349206,20.73904762,1211
11/13/2024,2024,11,13,78.30952381,0,100.478254,1.684603175,211.0809524,23.63,19.45666667,27.70650794,20.04825397,1221
11/14/2024,2024,11,14,79.84444444,0,100.5877778,1.88984127,239.1666667,23.07238095,19.22063492,27.39365079,19.21365079,1107
11/15/2024,2024,11,15,79.80301587,0,100.5471429,1.714603175,260.3063492,22.55190476,18.69809524,27.0968254,18.53412698,474
11/16/2024,2024,11,16,78.04095238,0,100.4836508,1.714444444,254.5095238,22.16095238,17.92619048,26.90492063,17.93904762,994
11/17/2024,2024,11,17,74.29984127,0,100.5214286,1.396349206,239.2015873,21.77285714,16.73698413,26.16746032,17.34809524,1389
11/18/2024,2024,11,18,72.62428571,0,100.6428571,1.260793651,112.5809524,21.80650794,16.46888889,26.06634921,17.14888889,1083
11/19/2024,2024,11,19,73.61301587,0,100.6812698,1.266031746,142.7460317,21.83746032,16.68190476,26.2284127,17.32714286,1052
11/20/2024,2024,11,20,74.42698413,0,100.6126984,1.307142857,221.2920635,21.55587302,16.57253968,25.86936508,17.17285714,1034
11/21/2024,2024,11,21,72.74142857,0.00047619,100.5879365,1.231587302,249.9206349,22.13746032,16.83380952,26.14460317,18.21539683,1214
11/22/2024,2024,11,22,72.21857143,0.00015873,100.5953968,1.328095238,264.0952381,21.87333333,16.43761905,25.67031746,18.23936508,458
11/23/2024,2024,11,23,73.8431746,0,100.7157143,1.166507937,227.8174603,21.82015873,16.68507937,26.05460317,17.95238095,886
11/24/2024,2024,11,24,76.6284127,0,100.7590476,1.296507937,242.3253968,20.80603175,16.33253968,24.75857143,16.95857143,1079
11/25/2024,2024,11,25,75.90222222,0,100.7652381,1.501904762,167.3904762,20.64460317,16.0147619,25.02666667,16.76904762,934
11/26/2024,2024,11,26,77.40301587,0,100.6846032,1.468730159,205.0920635,20.3468254,16.05174603,24.87380952,15.88079365,990
11/27/2024,2024,11,27,78.39460317,0.00015873,100.6122222,1.473492063,86.51111111,20.55888889,16.46920635,25.14285714,16.04111111,888
11/28/2024,2024,11,28,81.25095238,0.005873016,100.7104762,1.65952381,52.15396825,20.88063492,17.4152381,25.53428571,16.3231746,837
11/29/2024,2024,11,29,80.3947619,0.022380952,100.701746,1.616031746,145.8619048,21.56174603,17.85555556,26.26174603,17.48904762,354
11/30/2024,2024,11,30,79.27444444,0.087936508,100.595873,1.589365079,244.8063492,21.59428571,17.59285714,26.60888889,17.34873016,675
12/1/2024,2024,12,1,80.1652381,0.905555556,100.4557143,1.703809524,207.9365079,20.8752381,17.16015873,24.88920635,17.63380952,882
12/2/2024,2024,12,2,80.16095238,0.031904762,100.5185714,1.712698413,216.3031746,20.45349206,16.72666667,24.90063492,16.86746032,705
12/3/2024,2024,12,3,78.7184127,0.006031746,100.5901587,1.77952381,279.7603175,20.63047619,16.59888889,25.54253968,16.7131746,629
12/4/2024,2024,12,4,77.35984127,0,100.5903175,1.74968254,220.847619,19.84730159,15.55984127,24.69507937,15.32126984,629
12/5/2024,2024,12,5,74.97492063,0,100.577619,1.587460317,206.7698413,19.84904762,15.02380952,24.99333333,15.48190476,570
12/6/2024,2024,12,6,73.3068254,0.00015873,100.5452381,1.673968254,246.0555556,18.9784127,13.74095238,24.20031746,14.37206349,186
12/7/2024,2024,12,7,71.09714286,0,100.6249206,1.593650794,59.24761905,18.60619048,12.91126984,24.14825397,13.85365079,562
12/8/2024,2024,12,8,71.71825397,0,100.6447619,1.40015873,66.3031746,18.42936508,12.9031746,23.59873016,13.60507937,596
12/9/2024,2024,12,9,76.94873016,0.045555556,100.5865079,1.306507937,71.25396825,18.24571429,13.93380952,22.60761905,13.75095238,478
12/10/2024,2024,12,10,80.48904762,0.038730159,100.6503175,1.755714286,223.1936508,18.96285714,15.39142857,23.4947619,15.71,453
12/11/2024,2024,12,11,79.58698413,0.015079365,100.7812698,2.213492063,239.9412698,17.24365079,13.42920635,22.4768254,13.14650794,444
12/12/2024,2024,12,12,80.6652381,0,100.6469841,2.032380952,261.0269841,16.54650794,13.02444444,22.25015873,11.75507937,344
12/13/2024,2024,12,13,79.51444444,0,100.7173016,1.930952381,221.0666667,16.75365079,13.04444444,22.63222222,11.82746032,241
12/14/2024,2024,12,14,77.53507937,0,100.8860317,2.116349206,212.2349206,16.51396825,12.29190476,22.82968254,11.50698413,316
12/15/2024,2024,12,15,77.09412698,0,100.9501587,2.043333333,174.7507937,16.62269841,12.3147619,22.79714286,11.40460317,373
12/16/2024,2024,12,16,73.77079365,0,100.858254,1.447936508,214.5968254,17.67936508,12.62428571,23.3784127,11.86333333,107
12/17/2024,2024,12,17,75.91587302,0.004761905,100.7188889,1.302222222,210.6111111,18.59,14.04365079,24.22650794,13.23587302,311
12/18/2024,2024,12,18,76.7247619,0.010793651,100.6785714,1.495714286,240.5873016,18.67968254,14.27063492,24.06984127,14.13825397,274
12/19/2024,2024,12,19,78.74714286,0,100.741746,1.595714286,131.3809524,18.76333333,14.78730159,24.33761905,13.59619048,236
12/20/2024,2024,12,20,77.53920635,0.019047619,100.654127,1.444761905,175.2777778,18.65095238,14.42031746,23.9568254,13.6384127,83
12/21/2024,2024,12,21,80.56095238,1.288888889,100.6880952,1.741269841,127.5,18.17920635,14.58666667,22.96730159,14.83920635,141
12/22/2024,2024,12,22,79.5531746,0.101746032,100.7749206,1.812222222,49.10634921,18.0931746,14.21333333,23.86539683,13.62777778,165
12/23/2024,2024,12,23,77.03396825,0.07015873,100.7807937,1.811746032,43.93809524,17.81873016,13.3584127,23.85619048,12.80952381,172
12/24/2024,2024,12,24,75.2152381,0.00952381,100.7766667,1.540634921,165.747619,18.28873016,13.52587302,23.71730159,13.10936508,125
12/25/2024,2024,12,25,73.90365079,0.045873016,100.9606349,1.603968254,200.0095238,18.42444444,13.44904762,23.07492063,14.46777778,67
12/26/2024,2024,12,26,77.5384127,0.005079365,101.125873,1.972857143,65.20793651,18.86825397,14.59269841,24.6847619,14.23761905,153
12/27/2024,2024,12,27,78.27761905,0.002063492,101.117619,1.952539683,173.8095238,18.67888889,14.49714286,24.51412698,13.68063492,53
12/28/2024,2024,12,28,75.39698413,0,100.9747619,1.395714286,192.4809524,19.12571429,14.36746032,24.86428571,13.8315873,104
12/29/2024,2024,12,29,75.76904762,0,100.8819048,1.361269841,290.2444444,19.70777778,15.07412698,24.81984127,15.08333333,148
12/30/2024,2024,12,30,79.16301587,0,100.9453968,1.703968254,210.9936508,19.64031746,15.73761905,24.72460317,15.21301587,114
12/31/2024,2024,12,31,78.59222222,0,100.9760317,2.134603175,311.384127,17.75984127,13.69587302,22.90269841,13.63126984,84
1/1/2025,2025,1,1,80.22333333,0,100.7968254,2.108095238,289.3761905,16.70285714,13.02666667,22.49507937,12.0731746,86
1/2/2025,2025,1,2,79.7268254,0,100.8177778,2.072698413,281.0365079,16.66,12.89587302,22.57809524,11.79920635,56
1/3/2025,2025,1,3,80.43952381,0,100.8698413,1.68952381,207.3349206,16.7568254,13.21174603,22.48444444,11.6631746,23
1/4/2025,2025,1,4,79.49793651,0,100.7419048,1.353650794,141.3380952,17.72428571,13.94698413,23.29365079,12.70206349,56
1/5/2025,2025,1,5,78.94936508,0,100.8087302,1.11968254,132.0666667,18.84444444,14.85793651,24.21111111,14.13174603,66
1/6/2025,2025,1,6,75.65619048,0,100.6869841,1.013968254,176.3031746,20.08904762,15.36396825,24.91984127,15.53587302,70
1/7/2025,2025,1,7,80.04063492,0.046507937,100.5855556,1.441111111,258.2031746,19.56507937,15.84285714,24.02825397,15.80634921,61
1/8/2025,2025,1,8,77.48968254,0.017460317,100.738254,1.936507937,315.5571429,17.43793651,13.10857143,22.63285714,12.9884127,51
1/9/2025,2025,1,9,75.07428571,0.000793651,100.9833333,1.854285714,198.6142857,16.22857143,11.39714286,22.09047619,11.25492063,40
1/10/2025,2025,1,10,73.82587302,0.000793651,101.1380952,1.767777778,197.6174603,16.19111111,11.10730159,22.08746032,10.9352381,19
1/11/2025,2025,1,11,71.50507937,0,101.1301587,1.479047619,61.8968254,17.62412698,11.97126984,24.06460317,11.62587302,45
1/12/2025,2025,1,12,65.58777778,0,100.9947619,1.132539683,142.0777778,19.10825397,12.01587302,24.92269841,13.28650794,57
1/13/2025,2025,1,13,68.44555556,0.00015873,100.822381,1.214603175,265.0777778,19.09936508,12.80396825,24.44285714,14.22634921,39
1/14/2025,2025,1,14,72.9584127,0,101.0085714,1.837142857,171.0873016,18.51047619,13.19873016,24.29777778,13.82571429,31
1/15/2025,2025,1,15,74.54079365,0,101.0965079,2.048253968,198.1603175,17.66650794,12.63587302,23.72539683,12.40079365,45
1/16/2025,2025,1,16,73.12285714,0.001904762,101.0157143,1.474920635,167.515873,18.6584127,13.2784127,24.65126984,13.12555556,27
1/17/2025,2025,1,17,73.02301587,0,100.868254,1.624285714,261.5095238,19.08825397,13.71444444,25.15206349,14.02888889,19
1/18/2025,2025,1,18,73.1247619,0.002222222,100.8115873,1.825396825,297.7777778,18.68873016,13.33888889,24.79603175,13.53,40
1/19/2025,2025,1,19,70.5284127,0,100.688254,2.047619048,301.7269841,17.99619048,12.0284127,24.26412698,12.61746032,46
1/20/2025,2025,1,20,68.71730159,0.00015873,100.548254,1.673174603,290.3634921,17.70047619,11.33428571,24.02444444,12.06349206,39
1/21/2025,2025,1,21,70.17603175,0,100.5092063,1.417777778,260.4349206,18.10777778,12.20619048,24.20920635,12.38539683,24
1/22/2025,2025,1,22,71.58507937,0,100.5715873,1.322063492,237.3253968,18.56222222,12.89968254,24.41285714,13.35952381,32
1/23/2025,2025,1,23,71.18460317,0,100.6260317,1.380952381,244.8095238,18.71555556,12.93365079,25.00904762,13.66301587,21
1/24/2025,2025,1,24,69.72888889,0.000634921,100.5709524,1.429206349,232.4714286,18.8315873,12.75714286,24.7815873,13.48190476,7
1/25/2025,2025,1,25,70.99587302,0,100.6826984,1.528571429,209.7428571,18.64666667,12.93031746,24.23634921,14.1615873,21
1/26/2025,2025,1,26,68.40587302,0,100.6587302,1.869206349,226.3571429,17.64587302,11.11634921,23.73285714,12.58238095,33
1/27/2025,2025,1,27,67.15666667,0,100.4703175,1.505079365,286.5730159,18.14412698,11.48079365,24.14285714,12.71793651,34
1/28/2025,2025,1,28,64.11095238,0,100.6084127,1.155555556,238.9730159,18.66063492,11.13666667,24.32920635,13.25888889,23
1/29/2025,2025,1,29,62.24333333,0.000793651,100.8246032,1.201904762,250.4460317,19.24126984,11.3115873,24.69968254,14.59666667,21
1/30/2025,2025,1,30,73.53492063,1.123809524,100.4912698,1.795079365,204.7920635,19.92492063,14.75666667,25.21619048,15.02079365,22
1/31/2025,2025,1,31,78.07269841,0.111428571,100.4566667,1.761904762,217.6698413,20.88142857,16.52793651,26.6515873,16.58063492,7
2/1/2025,2025,2,1,72.70984127,0.07,100.5247619,1.271904762,218.1253968,21.04190476,15.40428571,26.71349206,16.2352381,9
2/2/2025,2025,2,2,71.66047619,0.000793651,100.5084127,1.406031746,245.0365079,20.73920635,14.92333333,26.69571429,15.84746032,17
2/3/2025,2025,2,3,66.79269841,0,100.5898413,1.403650794,174.4603175,20.64492063,13.57222222,26.87746032,15.52365079,13
2/4/2025,2025,2,4,62.11126984,0,100.6006349,1.405396825,271.7285714,20.26793651,12.05269841,26.55936508,14.53952381,27
2/5/2025,2025,2,5,63.78460317,0.000793651,100.4061905,1.403492063,225.768254,21.07238095,13.44380952,27.31190476,15.44873016,9
2/6/2025,2025,2,6,69.61095238,0.611587302,100.4715873,1.612222222,253.7555556,21.70650794,15.26650794,28.16285714,16.67238095,9
2/7/2025,2025,2,7,54.50587302,0.001111111,100.6344444,1.770634921,293.952381,19.90253968,9.033809524,27.22888889,13.42904762,5
2/8/2025,2025,2,8,49.73888889,0,100.6925397,1.703809524,272.1412698,18.76460317,6.92047619,26.03333333,12.16253968,8
2/9/2025,2025,2,9,49.76714286,0,100.6185714,1.421269841,273.9365079,19.20063492,7.557777778,26.01301587,12.83555556,37
2/10/2025,2025,2,10,53.50365079,0.151269841,100.6522222,1.416031746,228.347619,20.19015873,9.733492063,26.77619048,14.52984127,29
2/11/2025,2025,2,11,67.28444444,0.000634921,100.5385714,1.864126984,221.3,20.78888889,13.66539683,27.89190476,14.46952381,16
2/12/2025,2025,2,12,70.11571429,0.041428571,100.5449206,1.73031746,213.7079365,22.06539683,15.45031746,28.79904762,16.69190476,16
2/13/2025,2025,2,13,70.00285714,0.133333333,100.4642857,1.872539683,230.9634921,22.27746032,15.70111111,28.92285714,17.20047619,18
2/14/2025,2025,2,14,50.62746032,0.057460317,100.4660317,1.699047619,281.5238095,21.04301587,8.672222222,27.7431746,14.84333333,5
2/15/2025,2025,2,15,47.4915873,0.00015873,100.4833333,1.362698413,215.3031746,20.66920635,8.006507937,27.42253968,14.05174603,6
2/16/2025,2025,2,16,52.46111111,0.00015873,100.5473016,1.542380952,175.6555556,21.41666667,10.35857143,28.24777778,15.22349206,21
2/17/2025,2025,2,17,61.07888889,0.001111111,100.7085714,1.590952381,167.2063492,22.53603175,13.86888889,29.25650794,16.64984127,19
2/18/2025,2025,2,18,63.31984127,0.024761905,100.6219048,1.580952381,209.1634921,23.49428571,15.27666667,29.90857143,18.10285714,16
2/19/2025,2025,2,19,62.85333333,0.217777778,100.5609524,1.335555556,175.1063492,23.41873016,15.11444444,29.33015873,18.19063492,17
2/20/2025,2025,2,20,64.21015873,2.476190476,100.7136508,1.337460317,161.4984127,23.52428571,15.62190476,29.60063492,18.58349206,6
2/21/2025,2025,2,21,64.1252381,0.756825397,100.7090476,1.444761905,269.9238095,23.54444444,15.7352381,29.58634921,18.29142857,10
2/22/2025,2025,2,22,62.33873016,0.267619048,100.7433333,1.46031746,218.6,24.36126984,15.87777778,30.47031746,18.75714286,10
2/23/2025,2025,2,23,67.03047619,4.568253968,100.8509524,1.249206349,152.9571429,23.64507937,16.8047619,28.17142857,20.03666667,8
2/24/2025,2025,2,24,62.55428571,0.036984127,100.9403175,1.542380952,232.7587302,23.40206349,15.01301587,29.78126984,17.91365079,10
2/25/2025,2025,2,25,54.38555556,0.058888889,101.0480952,1.428253968,191.7206349,23.23904762,12.4447619,29.94269841,17.56698413,11
2/26/2025,2025,2,26,53.89650794,0.000793651,101.0380952,1.542539683,90.23492063,22.81507937,12.01539683,29.75126984,16.8952381,6
2/27/2025,2025,2,27,54.53666667,0,100.8066667,1.462698413,277.3555556,23.43777778,12.88079365,29.87365079,18.02698413,10
2/28/2025,2025,2,28,56.99063492,0,100.6865079,1.307142857,259.5777778,24.21444444,14.37888889,30.27920635,18.68396825,6
3/1/2025,2025,3,1,61.21015873,0.586984127,100.4409524,1.961587302,224.2396825,24.81714286,16.01746032,31.51301587,18.82222222,11
3/2/2025,2025,3,2,64.33825397,0.906507937,100.1557143,2.455714286,239.1968254,25.68333333,17.07111111,32.85920635,19.92222222,8
3/3/2025,2025,3,3,58.44825397,0,100.2792063,1.733650794,253.4301587,25.78761905,15.76333333,32.43888889,20.63571429,7
3/4/2025,2025,3,4,49.22571429,0,100.3068254,1.605396825,271.7793651,25.09412698,12.27698413,31.62603175,19.31222222,11
3/5/2025,2025,3,5,48.83190476,0,100.1909524,2.073015873,250.9952381,24.49492063,11.69857143,31.66936508,18.49857143,7
3/6/2025,2025,3,6,42.59015873,0,100.4109524,1.398888889,285.115873,23.8731746,8.910952381,30.78809524,17.84412698,5
3/7/2025,2025,3,7,42.62746032,0,100.2666667,1.734444444,255.3587302,22.83206349,7.976349206,30.08190476,16.30015873,5
3/8/2025,2025,3,8,48.34460317,0.001587302,100.2130159,1.887142857,213.3888889,23.75285714,10.95873016,30.86952381,17.4168254,9
3/9/2025,2025,3,9,54.50730159,0.093809524,100.6066667,1.339206349,171.1380952,24.50698413,13.62206349,31.14825397,18.59857143,26
3/10/2025,2025,3,10,52.28111111,0.167777778,100.792381,1.45047619,145.8650794,25.54507937,13.87730159,32.4668254,19.35539683,24
3/11/2025,2025,3,11,53.74492063,0.002857143,100.5626984,1.868253968,230.3761905,26.23746032,15.14047619,32.95492063,20.23349206,13
3/12/2025,2025,3,12,56.38746032,0.238095238,100.1850794,2.140952381,225.352381,26.53984127,15.75142857,33.13190476,20.65920635,17
3/13/2025,2025,3,13,62.37507937,0.542222222,100.0173016,2.531111111,196.2111111,26.99730159,17.69603175,34.21555556,20.89190476,18
3/14/2025,2025,3,14,62.8652381,1.182698413,100.1353968,2.362063492,222.1714286,27.72222222,18.28365079,34.96571429,21.8747619,10
3/15/2025,2025,3,15,63.21857143,0.756825397,100.3003175,2.069206349,199.0793651,28.10111111,18.86095238,34.92333333,22.12269841,9
3/16/2025,2025,3,16,62.99492063,1.135238095,100.2215873,2.363968254,220.0666667,28.40809524,18.90428571,36.1647619,22.16460317,22
3/17/2025,2025,3,17,60.90507937,0.814920635,100.1253968,2.616507937,214.4,28.49920635,18.64126984,35.4247619,22.96222222,22
3/18/2025,2025,3,18,58.30349206,0.463174603,100.2395238,2.342539683,240.8015873,27.95539683,17.12031746,34.55571429,22.8331746,8
3/19/2025,2025,3,19,55.12206349,0.171587302,100.5669841,1.772222222,224.7492063,27.71730159,15.82301587,34.58253968,21.74619048,17
3/20/2025,2025,3,20,57.5115873,0.572063492,100.6773016,1.822857143,236.4825397,27.81333333,17.37126984,34.42063492,22.12666667,13
3/21/2025,2025,3,21,62.32809524,1.333015873,100.7949206,2.088253968,286.1539683,25.91793651,17.49698413,31.02142857,22.18142857,1
3/22/2025,2025,3,22,61.7084127,0.906666667,100.7677778,1.859365079,274.7428571,25.25428571,16.69746032,30.69428571,21.08777778,13
3/23/2025,2025,3,23,57.35555556,1.14984127,100.7411111,1.502380952,164.1206349,25.72539683,15.87539683,31.63222222,20.42825397,12
3/24/2025,2025,3,24,52.38777778,4.579047619,100.6133333,1.702698413,264.6968254,26.05936508,14.4447619,32.6015873,20.02603175,22
3/25/2025,2025,3,25,47.57619048,0.127460317,100.2044444,1.626984127,289.5555556,26.8752381,13.69,33.69650794,20.47047619,4
3/26/2025,2025,3,26,50.0468254,0.254761905,99.98698413,1.942698413,251.2444444,27.74380952,14.98619048,34.51888889,21.30460317,2
3/27/2025,2025,3,27,54.69920635,0.035714286,99.8152381,1.894920635,213.8984127,28.34174603,16.61507937,35.06301587,22.11587302,11
3/28/2025,2025,3,28,55.23730159,0,99.73746032,2.287936508,206.384127,28.99269841,16.60825397,36.87111111,22.07666667,3
3/29/2025,2025,3,29,55.30746032,0,99.88460317,2.346507937,218.1666667,29.19285714,16.38952381,36.95968254,22.62873016,2
3/30/2025,2025,3,30,53.60634921,0,100.1987302,1.88984127,204.9761905,28.66587302,15.63079365,35.9884127,22.03285714,2
3/31/2025,2025,3,31,55.42968254,0.13984127,100.1803175,2.082857143,211.684127,28.56460317,16.95111111,35.28063492,22.25555556,2
4/1/2025,2025,4,1,60.80984127,1.325079365,100.1773016,2.443174603,208.1984127,28.33809524,18.49984127,34.6384127,22.87873016,4
4/2/2025,2025,4,2,59.31936508,1.635238095,100.3020635,1.825555556,210.6396825,28.64079365,18.07063492,35.5047619,22.93142857,2
4/3/2025,2025,4,3,56.94904762,6.225555556,100.3838095,1.864920635,228.4571429,28.7168254,17.57349206,35.38126984,23.01761905,13
4/4/2025,2025,4,4,49.92793651,0.00984127,100.2346032,2.024444444,240.8174603,29.73301587,16.05650794,36.59634921,23.95936508,2
4/5/2025,2025,4,5,51.53126984,0.206349206,100.1087302,1.96984127,213.2396825,29.63888889,16.83492063,36.48428571,23.60619048,10
4/6/2025,2025,4,6,57.68746032,1.007301587,100.1253968,2.308888889,169.784127,29.6184127,18.89888889,36.4415873,23.62809524,52
4/7/2025,2025,4,7,61.44206349,2.786507937,100.3838095,2.012380952,144.268254,28.92952381,19.6052381,34.71666667,24.08984127,23
4/8/2025,2025,4,8,65.13079365,2.621269841,100.6328571,1.647619048,182.6698413,28.3847619,20.55904762,32.80936508,24.28428571,20
4/9/2025,2025,4,9,57.79571429,1.173174603,100.3887302,1.524126984,205.4269841,29.35587302,19.15444444,35.02539683,24.19873016,29
4/10/2025,2025,4,10,54.49936508,1.256825397,100.0212698,1.670634921,193.3301587,29.28825397,18.47777778,34.81238095,24.18253968,18
4/11/2025,2025,4,11,65.70095238,13.28063492,99.88238095,1.693809524,176.9730159,28.02047619,20.6247619,31.91428571,24.64142857,8
4/12/2025,2025,4,12,66.2747619,4.258571429,100.0234921,1.390952381,181.5555556,28.41761905,20.94142857,32.94285714,24.37079365,22
4/13/2025,2025,4,13,67.82079365,5.473492063,100.2365079,1.303968254,156.7349206,27.82396825,21.07063492,31.19984127,24.90714286,26
4/14/2025,2025,4,14,66.07095238,3.706984127,100.261746,1.262857143,120.6825397,28.08396825,20.81444444,31.94746032,24.66746032,7
4/15/2025,2025,4,15,63.67793651,6.200634921,100.2922222,1.21,157.2936508,28.44174603,20.32888889,32.73809524,24.16047619,41
4/16/2025,2025,4,16,67.15793651,9.233492063,100.2073016,1.66952381,209.747619,28.22333333,20.98857143,32.96222222,24.11301587,16
4/17/2025,2025,4,17,73.54222222,13.09857143,100.1298413,1.912380952,176.5063492,27.49936508,21.92111111,31.9868254,23.83206349,18
4/18/2025,2025,4,18,76.16285714,9.94984127,100.0579365,1.673492063,175.1126984,27.22873016,22.31857143,31.34349206,23.62285714,10
4/19/2025,2025,4,19,73.46206349,12.66634921,99.97587302,1.688253968,157.7031746,28.01333333,22.36301587,32.46444444,24.35571429,35
4/20/2025,2025,4,20,74.16809524,12.52507937,99.95634921,2.037936508,182.8301587,28.98396825,23.33873016,33.80873016,24.55984127,49
4/21/2025,2025,4,21,77.43269841,14.40539683,100.0973016,2.475873016,186.7698413,29.71349206,24.78174603,34.43063492,25.98031746,42
4/22/2025,2025,4,22,76.84984127,9.582698413,100.0650794,2.94952381,190.3539683,29.95952381,24.69555556,34.98936508,26.24238095,31
4/23/2025,2025,4,23,71.22349206,4.990793651,99.78507937,3.672380952,206.4746032,30.33761905,22.83809524,36.54349206,26.00015873,38
4/24/2025,2025,4,24,70.86888889,4.782063492,99.7947619,3.53952381,202.7634921,30.15634921,22.57873016,36.3684127,25.53349206,33
4/25/2025,2025,4,25,71.70730159,7.546825397,99.88222222,3.342063492,197.7952381,29.95714286,22.8415873,35.95650794,25.64079365,9
4/26/2025,2025,4,26,71.61793651,2.067619048,99.95730159,3.30952381,193.247619,30.00349206,23.08698413,36.0084127,25.3947619,36
4/27/2025,2025,4,27,70.46079365,5.896825397,100.1620635,2.184761905,176.2015873,29.53507937,22.60936508,34.52920635,25.44333333,24
4/28/2025,2025,4,28,72.39047619,11.66428571,100.1388889,1.644444444,141.5555556,28.27587302,22.2315873,32.5047619,24.92857143,35
4/29/2025,2025,4,29,74.54206349,13.03920635,100.1695238,1.646507937,145.831746,27.02650794,21.65571429,31.03047619,23.63412698,19
4/30/2025,2025,4,30,72.4152381,8.371904762,100.2614286,1.310793651,146.4746032,27.35904762,21.53269841,31.11904762,23.71,29
5/1/2025,2025,5,1,69.62349206,4.573492063,100.3528571,1.060634921,145.9222222,27.7547619,21.2731746,31.59968254,24.12206349,14
5/2/2025,2025,5,2,69.03698413,8.365238095,100.2092063,1.160952381,191.5412698,27.6515873,20.98190476,31.67698413,23.61904762,25
5/3/2025,2025,5,3,67.82936508,5.248253968,100.0660317,1.524761905,199.4873016,28.10079365,21.00634921,32.60079365,23.55730159,43
5/4/2025,2025,5,4,72.17365079,8.318095238,99.95634921,1.711746032,184.7269841,28.25253968,22.23206349,32.44365079,24.47777778,53
5/5/2025,2025,5,5,70.66015873,3.31031746,99.98587302,1.31,188.9920635,28.64031746,22.25111111,32.75031746,24.66777778,49
5/6/2025,2025,5,6,70.76857143,5.28047619,100.0096825,1.34952381,193.5507937,28.82238095,22.55111111,32.84444444,25.18396825,60
5/7/2025,2025,5,7,69.06571429,1.597301587,99.87238095,1.499047619,246.4095238,29.14968254,22.25031746,33.55349206,25.11920635,42
5/8/2025,2025,5,8,67.68650794,4.778888889,99.88047619,2.055396825,247.2349206,30.35396825,22.8015873,35.41079365,25.45206349,45
5/9/2025,2025,5,9,64.71539683,0.58,99.92936508,1.714761905,256.6206349,30.96412698,22.53174603,36.07095238,26.32920635,22
5/10/2025,2025,5,10,62.66952381,0.79047619,99.8652381,1.994920635,239.3,31.67555556,22.55984127,37.20142857,26.55285714,47
5/11/2025,2025,5,11,63.2015873,2.851904762,99.74698413,1.906031746,199.8809524,31.78666667,22.80730159,37.26492063,26.77079365,14
5/12/2025,2025,5,12,70.16507937,12.25904762,99.65492063,2.142380952,171.9301587,30.62,23.79857143,35.12571429,27.13920635,82
5/13/2025,2025,5,13,73.06206349,10.43460317,99.70507937,2.380634921,194.3380952,30.29031746,24.20460317,34.78428571,26.43190476,48
5/14/2025,2025,5,14,72.05238095,8.133968254,99.79746032,2.541269841,182.8619048,30.79079365,24.28936508,35.84031746,26.83190476,83
5/15/2025,2025,5,15,75.60507937,9.234285714,99.88111111,2.420793651,177.4079365,30.28285714,24.88666667,34.8647619,26.70174603,65
5/16/2025,2025,5,16,77.6931746,14.76793651,99.87460317,2.337460317,179.047619,29.96650794,25.16015873,34.29380952,26.39492063,23
5/17/2025,2025,5,17,79.67206349,22.15396825,99.9068254,2.283650794,167.8984127,29.44079365,25.24365079,33.1031746,26.49920635,79
5/18/2025,2025,5,18,80.15904762,22.46365079,99.99333333,2.360793651,171.2,28.86634921,24.78015873,32.67380952,25.9052381,86
5/19/2025,2025,5,19,80.44984127,23.44349206,99.95777778,1.989047619,171.8349206,28.94888889,25.00015873,32.59603175,25.81111111,84
5/20/2025,2025,5,20,83.16174603,26.86888889,99.7868254,2.657619048,188.0380952,29.09920635,25.72095238,32.78333333,26.18031746,101
5/21/2025,2025,5,21,85.05936508,28.19952381,99.88650794,2.623650794,176.5126984,28.77984127,25.80142857,32.00920635,26.45825397,67
5/22/2025,2025,5,22,82.7415873,18.16603175,99.79968254,1.764761905,193.2873016,28.41190476,24.93285714,31.31047619,25.99126984,46
5/23/2025,2025,5,23,81.91698413,8.88984127,99.64365079,1.388571429,150.1634921,28.25460317,24.68666667,30.99857143,25.81253968,17
5/24/2025,2025,5,24,82.85746032,22.36238095,99.62444444,1.993492063,131.3761905,28.55269841,25.19206349,31.75984127,26.05873016,90
5/25/2025,2025,5,25,85.79285714,18.25777778,99.7147619,1.841587302,132.4984127,28.1952381,25.50603175,30.68269841,26.11746032,115
5/26/2025,2025,5,26,85.76095238,18.96507937,99.59047619,1.932539683,113.1206349,28.19492063,25.47,30.85650794,26.22015873,78
5/27/2025,2025,5,27,83.98095238,14.88920635,99.3015873,2.435079365,81.12698413,28.81142857,25.66746032,32.04,25.77777778,70
5/28/2025,2025,5,28,87.0484127,35.79253968,99.0147619,3.148730159,95.81269841,28.52507937,26.04968254,31.33380952,26.39301587,120
5/29/2025,2025,5,29,89.7668254,67.95857143,98.69190476,5.021428571,110.8142857,28.10095238,26.22285714,30.18111111,26.3215873,62
5/30/2025,2025,5,30,87.46952381,52.9584127,98.78142857,5.255238095,231.2396825,28.37079365,25.9552381,30.69698413,26.52857143,21
5/31/2025,2025,5,31,89.83031746,41.11111111,99.35206349,3.467936508,196.8396825,28.77349206,26.83619048,30.98507937,26.7815873,22
6/1/2025,2025,6,1,86.74031746,36.2152381,99.30238095,2.850793651,202.168254,29.35095238,26.69650794,32.19492063,27.17619048,147
6/2/2025,2025,6,2,83.28571429,27.33793651,99.32873016,2.571428571,189.7888889,29.61952381,26.03412698,33.43587302,26.86142857,94
6/3/2025,2025,6,3,84.43142857,23.18015873,99.5431746,2.746349206,184.1031746,29.01460317,25.8047619,32.44095238,26.1252381,114
6/4/2025,2025,6,4,85.57222222,27.60301587,99.80587302,2.243968254,164.5793651,28.3715873,25.51285714,31.21698413,26.34555556,83
6/5/2025,2025,6,5,80.61365079,9.78984127,99.93047619,1.380952381,175.3095238,28.62873016,24.7152381,31.74126984,25.80095238,62
6/6/2025,2025,6,6,79.82920635,10.17777778,99.92492063,1.221587302,204.9428571,28.97428571,24.89333333,32.33015873,25.79857143,59
6/7/2025,2025,6,7,78.92698413,6.014126984,99.84873016,1.31984127,212.547619,29.20079365,24.86809524,32.6247619,26.06412698,26
6/8/2025,2025,6,8,77.60603175,1.111428571,99.68698413,1.256507937,216.131746,29.56333333,24.90984127,33.31301587,26.06142857,19
6/9/2025,2025,6,9,78.03984127,2.614285714,99.55079365,1.409047619,204.6539683,29.78079365,25.27015873,33.23047619,26.38365079,28
6/10/2025,2025,6,10,80.43857143,6.125079365,99.5015873,1.767936508,169.1936508,29.82809524,25.84761905,33.00968254,26.83634921,38
6/11/2025,2025,6,11,82.47460317,5.843650794,99.58714286,1.806507937,158.7460317,29.33142857,25.88492063,32.13380952,26.90365079,288
6/12/2025,2025,6,12,82.7115873,5.806190476,99.60079365,1.867619048,155.9396825,29.41047619,25.97984127,32.31904762,26.86142857,108
6/13/2025,2025,6,13,80.93777778,2.939047619,99.59238095,1.881587302,191.2825397,29.91222222,26.07238095,33.02825397,27.10396825,159
6/14/2025,2025,6,14,83.10444444,3.722539683,99.46031746,2.297460317,187.652381,29.30142857,25.92095238,32.20015873,27.06238095,169
6/15/2025,2025,6,15,85.93952381,24.03714286,99.41904762,2.057936508,160.4666667,28.87396825,26.13793651,31.61380952,26.92349206,249
6/16/2025,2025,6,16,88.5131746,25.48888889,99.28984127,3.150793651,146.1222222,28.35809524,26.20777778,30.70301587,26.49126984,234
6/17/2025,2025,6,17,89.56904762,37.91857143,99.22634921,3.977301587,154.4539683,28.19920635,26.27825397,30.25492063,26.67793651,244
6/18/2025,2025,6,18,90.60507937,28.42809524,99.06031746,4.551587302,164.2666667,28.08809524,26.38222222,30.05142857,26.7,212
6/19/2025,2025,6,19,88.70809524,22.93111111,99.23222222,4.90047619,173.8444444,28.06968254,25.9847619,30.13730159,26.52857143,248
6/20/2025,2025,6,20,88.77142857,27.34333333,99.42269841,3.764920635,186.7650794,28.46333333,26.36714286,31.0915873,26.51285714,151
6/21/2025,2025,6,21,86.7868254,15.34190476,99.45365079,2.617460317,191.331746,28.83539683,26.29793651,31.5731746,26.71666667,352
6/22/2025,2025,6,22,87.71920635,11.02190476,99.39,2.222857143,180.3142857,28.50714286,26.1915873,31,26.58603175,329
6/23/2025,2025,6,23,88.97253968,11.58857143,99.24539683,2.374126984,173.4571429,28.26968254,26.23079365,30.47492063,26.50857143,392
6/24/2025,2025,6,24,88.11857143,11.81698413,99.14174603,2.564444444,139.7650794,28.6131746,26.3747619,31.28222222,26.39444444,394
6/25/2025,2025,6,25,89.29412698,15.95587302,99.36873016,3.057936508,125.1825397,28.26063492,26.27809524,30.51507937,26.5431746,326
6/26/2025,2025,6,26,88.68095238,10.91190476,99.55253968,3.738412698,142.9285714,28.4468254,26.33539683,31.05666667,26.45190476,193
6/27/2025,2025,6,27,87.50047619,15.1131746,99.48809524,3.222063492,167.5063492,28.57952381,26.21365079,31.52333333,26.35984127,159
6/28/2025,2025,6,28,88.16174603,13.58603175,99.25920635,3.343650794,163.1,28.15777778,25.92777778,30.77793651,26.12079365,262
6/29/2025,2025,6,29,88.17809524,9.345396825,98.99412698,3.218888889,146.5539683,28.28238095,26.05063492,31.03603175,26.05015873,383
6/30/2025,2025,6,30,89.36952381,13.75333333,99.02698413,3.365079365,146.3047619,28.29746032,26.32206349,30.76380952,26.28920635,429
7/1/2025,2025,7,1,87.22603175,8.407619048,99.20809524,2.936507937,146.2079365,28.60555556,26.18095238,31.48365079,26.34063492,386
7/2/2025,2025,7,2,88.13460317,12.5647619,99.29015873,2.873015873,143.9714286,28.55539683,26.32650794,31.27174603,26.41650794,416
7/3/2025,2025,7,3,87.71761905,11.30015873,99.39888889,3.427460317,157.7936508,28.69904762,26.38603175,31.43,26.51190476,358
7/4/2025,2025,7,4,89.97984127,22.10206349,99.35365079,3.183968254,172.8111111,28.27492063,26.43285714,30.52460317,26.74428571,204
7/5/2025,2025,7,5,88.36857143,23.5147619,99.22809524,3.011269841,168.8968254,28.24587302,26.06444444,30.8447619,26.37396825,294
7/6/2025,2025,7,6,89.60333333,33.0815873,99.16301587,3.411428571,148.1888889,27.69428571,25.79301587,29.86920635,26.09888889,317
7/7/2025,2025,7,7,89.43730159,71.49253968,99.12031746,3.659365079,147.3269841,27.57111111,25.62571429,30.03031746,25.84015873,492
7/8/2025,2025,7,8,90.77126984,52.24238095,99.17888889,3.938412698,149.9142857,27.35571429,25.67253968,29.33650794,25.73888889,425
7/9/2025,2025,7,9,91.19333333,42.62142857,99.4052381,4.076190476,147.2396825,27.28428571,25.69761905,29.4168254,25.83904762,406
7/10/2025,2025,7,10,89.89253968,22.7168254,99.49777778,3.67031746,149.3222222,27.56031746,25.71095238,29.98238095,25.80015873,337
7/11/2025,2025,7,11,88.08634921,9.243015873,99.4047619,2.392857143,150.2349206,28.26190476,26.01142857,31.32666667,25.65809524,138
7/12/2025,2025,7,12,86.97365079,7.997460317,99.41111111,1.428412698,161.9301587,28.8384127,26.35428571,31.37301587,26.44904762,391
7/13/2025,2025,7,13,87.68412698,11.97,99.43301587,1.485238095,135.5031746,28.72111111,26.40793651,31.09920635,26.83285714,420
7/14/2025,2025,7,14,91.34063492,43.64746032,99.37539683,3.495873016,137.9904762,27.6568254,26.09619048,29.58285714,26.20238095,330
7/15/2025,2025,7,15,91.14634921,16.79031746,99.4647619,3.445238095,161.5793651,27.81047619,26.21571429,29.80714286,26.19603175,375
7/16/2025,2025,7,16,90.17079365,22.29968254,99.65571429,2.416349206,171.4603175,28.0331746,26.22730159,30.29079365,26.34746032,321
7/17/2025,2025,7,17,88.33206349,15.0884127,99.78111111,1.750634921,197.4634921,28.08063492,25.90777778,30.52111111,26.18079365,375
7/18/2025,2025,7,18,87.03222222,9.646031746,99.63126984,1.933174603,221.2063492,28.5431746,26.08333333,31.53539683,25.81111111,114
7/19/2025,2025,7,19,87.89587302,8.033492063,99.27428571,2.222539683,205.0269841,28.49634921,26.22761905,31.21492063,26.50619048,394
7/20/2025,2025,7,20,86.28,16.59888889,99.27730159,1.382539683,200.7603175,28.70444444,26.10238095,30.98587302,26.69079365,429
7/21/2025,2025,7,21,83.79888889,7.664126984,99.34111111,1.223809524,187.5301587,29.14825397,25.9968254,32.11777778,26.47714286,364
7/22/2025,2025,7,22,84.78730159,6.652698413,99.21587302,1.315396825,212.8396825,29.17904762,26.24492063,31.91761905,27.01380952,444
7/23/2025,2025,7,23,82.4168254,7.84984127,98.89047619,1.140952381,217.6730159,30.03777778,26.55079365,33.16047619,26.69793651,319
7/24/2025,2025,7,24,88.40238095,26.92492063,98.63428571,1.817936508,130.915873,29.41380952,27.2384127,31.54095238,27.64603175,280
7/25/2025,2025,7,25,89.46968254,30.54904762,98.66634921,3.971269841,135.584127,28.76333333,26.81190476,31.54587302,26.95888889,164
7/26/2025,2025,7,26,89.35047619,23.79412698,99.12761905,3.885873016,162.4920635,28.65111111,26.68238095,31.09095238,26.67365079,331
7/27/2025,2025,7,27,88.77253968,28.2584127,99.18555556,2.99047619,193.3666667,28.7115873,26.61063492,31.0084127,26.94301587,409
7/28/2025,2025,7,28,89.67777778,45.1584127,99.21603175,2.602063492,183.2968254,28.41206349,26.50825397,30.75920635,26.71333333,394
7/29/2025,2025,7,29,89.72952381,28.2331746,99.26285714,3.087301587,167.7015873,27.99746032,26.11269841,30.40634921,26.30253968,393
7/30/2025,2025,7,30,89.20746032,35.32095238,99.38888889,2.966825397,167.0873016,28.00619048,26.00587302,30.72603175,25.99793651,386
7/31/2025,2025,7,31,90.13968254,33.31460317,99.37793651,3.143015873,180.131746,27.81333333,26.00349206,30.25253968,25.68142857,278
8/1/2025,2025,8,1,88.78761905,19.22936508,99.38825397,2.806507937,202.0142857,28.61095238,26.51793651,31.45507937,26.34396825,138
8/2/2025,2025,8,2,91.62492063,17.06587302,99.53492063,2.805555556,187.6301587,28.21079365,26.70365079,30.0768254,26.85142857,209
8/3/2025,2025,8,3,91.33539683,29.44333333,99.80412698,2.982698413,185.7571429,28.11031746,26.54825397,29.97952381,26.65857143,343
8/4/2025,2025,8,4,91.62968254,29.23603175,99.88555556,2.647142857,211.3555556,28.04698413,26.5415873,29.80396825,26.64507937,395
8/5/2025,2025,8,5,89.56809524,20.64873016,99.91142857,2.085238095,219.2920635,27.94047619,26.02460317,30.08365079,26.21809524,319
8/6/2025,2025,8,6,87.85269841,19.92222222,99.76968254,2.135396825,234.984127,27.80873016,25.54015873,30.24253968,25.88174603,428
8/7/2025,2025,8,7,89.50111111,33.92619048,99.66031746,2.447777778,214.352381,27.85301587,25.92031746,30.33746032,25.96904762,408
8/8/2025,2025,8,8,90.89365079,27.84444444,99.9047619,3.026825397,189.4555556,27.01412698,25.38206349,28.86587302,25.58126984,190
8/9/2025,2025,8,9,87.88349206,10.62619048,100.0746032,2.832380952,199.6285714,27.6484127,25.39412698,30.5447619,25.20666667,325
8/10/2025,2025,8,10,88.43206349,8.876349206,99.8831746,2.648730159,200.7365079,28.15809524,26.00444444,30.95349206,25.87365079,448
8/11/2025,2025,8,11,87.6115873,5.504603175,99.71968254,2.146984127,202.9603175,28.58047619,26.24857143,31.41095238,26.26650794,434
8/12/2025,2025,8,12,87.0984127,7.015873016,99.54666667,1.866666667,192.568254,28.84031746,26.39666667,31.60666667,26.78666667,382
8/13/2025,2025,8,13,89.78174603,23.37650794,99.72888889,2.227777778,141.9063492,27.71333333,25.85730159,29.37349206,26.1947619,325
8/14/2025,2025,8,14,89.20587302,11.20301587,99.79587302,2.257619048,134.6888889,27.56269841,25.5831746,29.88206349,25.67539683,252
8/15/2025,2025,8,15,87.36365079,6.638888889,99.59253968,1.822857143,155.231746,27.98428571,25.60253968,30.88428571,25.56031746,134
8/16/2025,2025,8,16,85.40730159,8.118095238,99.49,1.426825397,154.8650794,28.49857143,25.71809524,31.25,26.01539683,202
8/17/2025,2025,8,17,88.03698413,7.715396825,99.60396825,2.096507937,128.9095238,28.19746032,25.98507937,30.40206349,26.42777778,466
8/18/2025,2025,8,18,89.24444444,10.37968254,99.74269841,2.973174603,130.4746032,28.05857143,26.07587302,30.69825397,26.15412698,380
8/19/2025,2025,8,19,89.25761905,12.17253968,99.76238095,3.456507937,147.4507937,27.96126984,25.98666667,30.32,26.11412698,357
8/20/2025,2025,8,20,90.24857143,17.22333333,99.76,3.073333333,158.7333333,27.84063492,26.06269841,30.1047619,26.13873016,356
8/21/2025,2025,8,21,91.14603175,30.97333333,99.73,2.871111111,178.5015873,27.69333333,26.08936508,29.8568254,26.04952381,311
8/22/2025,2025,8,22,91.08507937,41.61619048,99.49206349,3.412063492,171.5603175,27.56031746,25.95428571,29.81174603,25.83587302,173
8/23/2025,2025,8,23,90.53603175,26.62761905,99.42492063,4.324920635,161.1428571,27.54396825,25.83301587,30.04904762,25.84650794,247
8/24/2025,2025,8,24,88.89571429,11.67111111,99.69666667,3.136825397,176.0555556,27.63142857,25.58634921,30.26888889,25.76507937,430
8/25/2025,2025,8,25,87.64174603,6.113174603,99.70365079,1.774603175,162.1365079,27.86904762,25.56285714,30.50380952,25.74936508,412
8/26/2025,2025,8,26,86.39809524,3.720952381,99.69126984,1.746349206,158.4444444,28.0068254,25.44746032,30.74190476,25.80174603,470
8/27/2025,2025,8,27,87.35015873,6.865396825,99.66412698,2.813174603,153.1857143,28.01238095,25.63873016,31.11428571,25.44698413,430
8/28/2025,2025,8,28,88.21460317,8.958730159,99.75444444,2.911269841,172.0666667,27.9484127,25.75412698,30.65285714,25.9215873,432
8/29/2025,2025,8,29,89.76571429,15.62380952,99.90349206,2.315396825,178.3714286,27.65333333,25.77888889,29.93015873,26.03809524,165
8/30/2025,2025,8,30,88.24142857,6.536349206,99.96936508,1.635714286,175.7396825,27.85603175,25.66571429,30.33793651,25.7968254,367
8/31/2025,2025,8,31,85.18444444,5.893015873,99.74857143,1.021587302,176.6904762,28.31650794,25.49619048,30.95714286,25.94952381,568
9/1/2025,2025,9,1,85.50904762,5.868412698,99.39031746,1.475396825,147.5825397,28.87761905,26.12539683,31.59349206,26.16396825,552
9/2/2025,2025,9,2,87.87793651,18.35142857,99.50047619,2.886031746,127.6492063,28.42047619,26.14698413,31.03222222,26.37349206,473
9/3/2025,2025,9,3,87.60031746,8.613492063,99.67047619,3.144126984,135.9063492,28.25365079,25.9231746,31.05888889,26.15365079,445
9/4/2025,2025,9,4,88.84507937,5.289206349,99.82380952,2.415873016,154.2777778,27.73507937,25.67031746,30.33920635,25.80761905,363
9/5/2025,2025,9,5,87.82746032,3.993809524,99.89952381,1.700952381,180.7634921,27.74809524,25.46730159,30.54809524,25.51730159,158
9/6/2025,2025,9,6,86.12730159,4.582698413,99.95730159,1.332222222,195.2761905,28.08444444,25.45111111,30.96507937,25.50396825,364
9/7/2025,2025,9,7,86.45777778,8.006349206,99.9068254,1.313333333,211.3031746,28.14206349,25.59698413,30.6584127,25.90206349,580
9/8/2025,2025,9,8,85.04650794,5.004285714,99.88063492,1.27952381,213.5380952,28.21666667,25.35968254,31.06888889,25.79746032,573
9/9/2025,2025,9,9,86.72825397,7.950793651,99.92888889,1.466349206,222.9444444,28.28873016,25.79253968,30.99968254,25.90492063,487
9/10/2025,2025,9,10,88.70333333,6.281428571,99.83031746,1.786666667,215.5904762,28.22793651,26.13095238,30.66285714,26.33206349,625
9/11/2025,2025,9,11,87.97253968,9.24984127,99.85365079,1.532698413,196.068254,28.29460317,26.04238095,30.87444444,26.27444444,586
9/12/2025,2025,9,12,88.59412698,15.12333333,99.98047619,1.634603175,188.7650794,27.80904762,25.68587302,30.38111111,26.0468254,245
9/13/2025,2025,9,13,89.39904762,20.76460317,100.07,1.826984127,191.531746,27.66904762,25.72015873,30.09777778,25.68190476,279
9/14/2025,2025,9,14,91.21492063,27.51539683,100.0674603,1.885873016,193.2063492,27.21507937,25.6352381,28.83936508,25.86968254,685
9/15/2025,2025,9,15,90.29190476,28.28301587,100.0298413,2.081746032,184.4444444,26.9531746,25.19111111,29.18015873,25.39746032,636
9/16/2025,2025,9,16,89.7784127,30.59238095,100.0787302,2.377142857,186.0650794,27.03603175,25.16825397,29.40206349,25.2547619,665
9/17/2025,2025,9,17,87.70825397,6.22047619,100.0607937,1.836031746,196.0730159,27.43206349,25.1268254,30.36031746,25.15079365,622
9/18/2025,2025,9,18,87.24793651,9.471904762,99.97,1.518412698,213.8444444,27.94142857,25.54333333,30.79968254,25.51619048,647
9/19/2025,2025,9,19,86.22,8.57952381,99.92222222,1.148412698,220.4603175,28.60857143,25.99492063,31.44,26.1247619,248
9/20/2025,2025,9,20,86.83380952,8.488888889,99.74460317,1.123174603,239.1269841,28.43190476,25.95380952,30.81079365,26.46269841,382
9/21/2025,2025,9,21,86.86269841,13.78968254,99.6452381,1.055714286,228.0746032,28.30809524,25.84460317,30.59857143,26.33,740
9/22/2025,2025,9,22,89.43666667,30.13698413,99.70746032,1.614444444,147.0174603,27.68571429,25.74460317,29.90825397,26.08031746,678
9/23/2025,2025,9,23,89.1368254,11.84269841,99.64587302,2.167936508,156.3238095,27.50063492,25.50142857,30.04015873,25.49952381,664
9/24/2025,2025,9,24,86.89365079,3.107460317,99.51650794,1.48952381,144.0444444,27.98603175,25.53714286,30.59253968,25.61031746,668
9/25/2025,2025,9,25,86.5215873,5.336984127,99.49380952,1.611428571,108.6380952,28.16746032,25.6315873,30.57206349,26.17492063,632
9/26/2025,2025,9,26,87.89174603,4.243174603,99.71222222,2.651269841,128.2571429,28.35698413,26.08984127,31.16904762,26.13063492,219
9/27/2025,2025,9,27,87.79238095,3.236507937,100.0669841,2.273492063,155.0222222,28.10873016,25.83365079,30.57587302,26.33174603,514
9/28/2025,2025,9,28,85.75984127,7.686984127,100.0090476,1.218253968,177.3492063,27.78968254,25.09968254,30.20444444,25.55857143,845
9/29/2025,2025,9,29,83.26634921,3.494444444,99.79571429,1.028888889,247.0619048,28.41634921,25.19777778,31.17730159,25.65571429,734
9/30/2025,2025,9,30,84.28619048,8.306507937,99.57047619,1.195079365,283.2873016,28.89,25.87952381,31.77031746,26.11,553
10/1/2025,2025,10,1,90.36460317,37.70507937,99.71888889,2.071746032,157.1285714,27.84746032,26.10698413,29.48444444,26.56,490
10/2/2025,2025,10,2,92.09730159,27.99047619,100.0931746,3.239206349,130.4634921,27.20698413,25.80031746,28.73920635,26.13396825,396
10/3/2025,2025,10,3,90.63793651,13.24460317,100.277619,2.825555556,144.6857143,27.33,25.63174603,29.39206349,25.82746032,263
10/4/2025,2025,10,4,90.91714286,15.12380952,100.2153968,2.637936508,171.4920635,27.52269841,25.87333333,29.6431746,25.84365079,374
10/5/2025,2025,10,5,90.81952381,19.32095238,100.177619,2.389365079,189.7015873,27.20555556,25.55095238,29.10142857,25.66222222,1042
10/6/2025,2025,10,6,87.05936508,17.97571429,100.2298413,1.31015873,232.8095238,26.82111111,24.4068254,28.89904762,25.07873016,782
10/7/2025,2025,10,7,84.09714286,7.372063492,100.2211111,1.06984127,210.1047619,26.9752381,23.94634921,29.89777778,24.44730159,715
10/8/2025,2025,10,8,85.8431746,16.84190476,100.2466667,1.136666667,204.9079365,26.97857143,24.32968254,29.75095238,24.51619048,700
10/9/2025,2025,10,9,84.17015873,15.61,100.27,0.92,277.0761905,27.07555556,24.0852381,29.48142857,24.82984127,781
10/10/2025,2025,10,10,84.65126984,13.50206349,100.1892063,1.108095238,204.7777778,26.88857143,24.0068254,29.56015873,24.74095238,308
10/11/2025,2025,10,11,85.36730159,12.03428571,100.1977778,1.249047619,176.7968254,26.52285714,23.77126984,29.54571429,24.15730159,413
10/12/2025,2025,10,12,84.07619048,4.561269841,100.2585714,1.25031746,231.5031746,26.34206349,23.32857143,29.74746032,23.51428571,953
10/13/2025,2025,10,13,84.23301587,0.091587302,100.347619,1.655555556,287.5761905,25.96539683,22.97603175,29.60746032,22.93714286,857
10/14/2025,2025,10,14,83.77142857,0.02952381,100.2309524,1.771111111,248.2142857,25.92603175,22.80412698,30.19952381,22.32730159,841
10/15/2025,2025,10,15,81.78142857,0.156825397,100.1739683,1.548888889,295.4206349,25.71603175,22.18111111,29.79968254,22.12380952,758
10/16/2025,2025,10,16,81.41634921,0.556666667,100.2385714,1.291587302,301.8349206,26.01793651,22.40873016,30.23809524,22.10174603,755
10/17/2025,2025,10,17,80.72126984,1.085714286,100.3839683,1.078412698,293.1619048,26.3447619,22.61142857,30.23825397,22.62111111,510
10/18/2025,2025,10,18,80.59650794,0.757777778,100.345873,1.088571429,202.1873016,26.84365079,23.0852381,30.76650794,23.06730159,619
10/19/2025,2025,10,19,80.87,0.607619048,100.2733333,1.356507937,168.2238095,26.90412698,23.18492063,30.68920635,23.3731746,950
10/20/2025,2025,10,20,81.41666667,0.275714286,100.2947619,1.448730159,158.6444444,26.74746032,23.14460317,30.59857143,23.11698413,942
10/21/2025,2025,10,21,80.00650794,0.194444444,100.3871429,1.494285714,202.1015873,26.76825397,22.85095238,30.90396825,22.92095238,814
10/22/2025,2025,10,22,78.12698413,0.035238095,100.4061905,1.375714286,246.1365079,26.95253968,22.61746032,31.05492063,22.98111111,762
10/23/2025,2025,10,23,78.22761905,0.287142857,100.3657143,1.082380952,229.3857143,26.93968254,22.64698413,30.94174603,23.14571429,803
10/24/2025,2025,10,24,77.71301587,1.111746032,100.351746,0.93015873,234.0492063,26.7768254,22.43206349,30.13412698,23.57460317,468
10/25/2025,2025,10,25,77.11507937,0.806666667,100.354127,0.958412698,133.0333333,26.86047619,22.37492063,30.23936508,23.48793651,659
10/26/2025,2025,10,26,76.24079365,0.160634921,100.4220635,1.023015873,122.5555556,26.94349206,22.25698413,30.3,23.75269841,1143
10/27/2025,2025,10,27,77.76460317,0.706825397,100.4809524,1.231428571,78.0968254,27.05936508,22.68253968,30.84,23.56174603,983
10/28/2025,2025,10,28,76.57571429,1.733968254,100.4290476,1.255873016,128.0444444,27.44412698,22.75269841,31.17111111,24.00984127,1041
10/29/2025,2025,10,29,79.94269841,5.785714286,100.397619,1.302222222,165.1650794,27.19031746,23.30412698,30.40174603,24.39698413,964
10/30/2025,2025,10,30,84.5684127,15.13269841,100.4247619,1.597460317,131.8920635,26.84587302,23.90857143,29.93634921,24.41539683,928
10/31/2025,2025,10,31,84.79809524,6.677301587,100.312381,1.518095238,198.6111111,27.26714286,24.38238095,30.35666667,24.59301587,506
11/1/2025,2025,11,1,87.96079365,16.72888889,100.1355556,1.736349206,197.652381,26.90777778,24.66888889,29.58920635,25.03142857,651
11/2/2025,2025,11,2,88.2968254,13.00095238,100.132381,1.922222222,270.8968254,25.95190476,23.78555556,28.93650794,23.73333333,1162
11/3/2025,2025,11,3,84.02190476,3.794126984,100.1607937,1.998730159,306.2333333,25.01269841,21.97206349,28.58555556,22.27650794,1147
11/4/2025,2025,11,4,81.83285714,0.808730159,100.0942857,1.967301587,298.5349206,24.88492063,21.39873016,29.29936508,21.07365079,1101
11/5/2025,2025,11,5,82.98793651,4.246666667,99.96904762,1.771428571,283.2587302,24.68269841,21.4168254,28.57269841,21.34444444,1069
11/6/2025,2025,11,6,79.15365079,2.974920635,100.1661905,1.152698413,298.1333333,25.24761905,21.16714286,28.9784127,21.48460317,1034
11/7/2025,2025,11,7,82.62857143,1.544126984,100.3601587,1.97015873,329.9539683,24.72047619,21.41206349,28.80809524,21.45809524,488
11/8/2025,2025,11,8,81.8731746,0,100.4477778,2.561746032,316.1,23.21634921,19.71777778,28.32,19.52746032,834
11/9/2025,2025,11,9,80.46492063,0,100.3661905,2.09015873,300.1825397,22.21666667,18.45603175,27.21079365,17.99936508,1195
11/10/2025,2025,11,10,80.66126984,0,100.4296825,1.907936508,308.8603175,21.98603175,18.2747619,27.22952381,18.01619048,1179
11/11/2025,2025,11,11,79.17952381,0,100.4868254,1.901904762,297.1190476,20.90238095,16.91396825,25.81555556,16.82142857,912
11/12/2025,2025,11,12,75.46666667,0,100.6020635,1.705555556,316.6730159,20.61603175,15.82698413,25.77126984,16.05460317,1139
11/13/2025,2025,11,13,76.44412698,0,100.7304762,1.559365079,309.9587302,20.71063492,16.17587302,25.87666667,15.68095238,833
11/14/2025,2025,11,14,75.85857143,0,100.7077778,1.540634921,308.0253968,20.92761905,16.26492063,25.75079365,16.15253968,460
11/15/2025,2025,11,15,78.18936508,0,100.8171429,1.753809524,285.1571429,20.77650794,16.62253968,26.08825397,15.96666667,792
11/16/2025,2025,11,16,77.63349206,0,100.9246032,1.732539683,232.2952381,21.03222222,16.72698413,26.14444444,16.38761905,1139
11/17/2025,2025,11,17,78.95396825,0,100.8974603,1.658253968,167.9285714,21.27492063,17.2615873,26.32603175,16.46777778,1007
11/18/2025,2025,11,18,79.09095238,0,100.744127,1.586825397,115.4238095,21.84253968,17.88698413,26.97460317,16.90603175,920
11/19/2025,2025,11,19,75.3531746,0,100.7495238,1.56952381,187.7174603,21.95031746,17.14460317,26.80079365,17.36238095,783
11/20/2025,2025,11,20,75.3984127,0,100.8234921,1.556031746,238.5349206,21.6052381,16.85142857,26.3968254,17.33539683,745
11/21/2025,2025,11,21,74.34619048,0,100.9104762,1.517460317,285.031746,21.19238095,16.24460317,25.66,17.33333333,436
11/22/2025,2025,11,22,76.03015873,0.005873016,100.8293651,1.451746032,311.368254,20.73920635,16.15126984,25.43507937,16.19365079,593
11/23/2025,2025,11,23,76.92047619,0.001904762,100.8585714,1.594285714,294.768254,20.52730159,16.12333333,25.13015873,16.44333333,778
11/24/2025,2025,11,24,80.86746032,0,100.8990476,2.09952381,146.9444444,19.59857143,16.00539683,24.72285714,15.48238095,705
11/25/2025,2025,11,25,80.31888889,0.000952381,100.7979365,1.884444444,299.652381,19.60412698,15.97126984,25.01380952,15.00920635,633
11/26/2025,2025,11,26,77.74777778,0.000793651,100.8652381,1.69047619,208.2063492,19.85079365,15.59238095,25.1515873,15.02571429,615
11/27/2025,2025,11,27,78.1131746,0,100.9401587,1.607777778,43.55555556,20.41047619,16.25507937,25.6668254,15.25507937,567
11/28/2025,2025,11,28,78.11174603,0,100.8138095,1.312539683,215.9857143,20.56,16.38714286,25.60603175,15.96650794,410
11/29/2025,2025,11,29,75.76968254,0,100.6646032,1.404761905,299.2603175,20.26952381,15.56349206,25.46222222,15.56126984,572
11/30/2025,2025,11,30,75.61777778,0,100.6466667,1.394444444,278.5571429,20.23063492,15.49952381,25.21888889,15.86206349,636
12/1/2025,2025,12,1,81.76301587,0,100.6634921,1.404761905,196.9857143,19.50793651,16.13952381,23.69428571,15.82285714,610
12/2/2025,2025,12,2,79.23952381,0.00031746,100.6585714,1.621746032,233.7396825,19.56396825,15.68142857,23.85587302,15.71333333,565
12/3/2025,2025,12,3,78.54365079,0,100.8280952,1.921904762,263.4746032,18.85650794,14.81412698,23.95380952,14.83777778,490
12/4/2025,2025,12,4,80.05142857,0,100.8933333,1.90984127,253.8793651,18.57460317,14.82285714,24.52365079,13.56904762,565
12/5/2025,2025,12,5,79.58238095,0,100.9955556,2.054603175,260.8968254,18.38904762,14.53444444,24.41079365,13.79873016,200
12/6/2025,2025,12,6,75.63460317,0,100.9588889,1.995555556,286.2333333,17.73190476,12.97920635,24.08,12.63365079,486
12/7/2025,2025,12,7,76.49904762,0,100.9526984,1.900793651,264.7253968,17.54873016,13.06555556,23.08714286,12.89904762,516
12/8/2025,2025,12,8,75.56873016,0,100.8601587,1.590634921,273.3746032,18.06285714,13.40460317,23.08238095,13.84714286,455
12/9/2025,2025,12,9,75.33825397,0,100.8095238,1.563333333,259.4793651,18.89619048,14.15238095,24.16444444,14.32190476,421
12/10/2025,2025,12,10,77.47095238,0,100.8679365,1.797460317,270.8936508,18.85079365,14.53777778,24.73904762,14.08873016,377
12/11/2025,2025,12,11,75.49031746,0,100.8044444,1.718095238,276.8412698,18.16873016,13.44,23.82587302,12.92460317,411
12/12/2025,2025,12,12,73.18349206,0.003809524,100.767619,1.48984127,230.4809524,18.52698413,13.2884127,24.13936508,13.2768254,200
12/13/2025,2025,12,13,74.42174603,0.014603175,100.827619,1.501587302,97.90634921,18.90539683,13.90333333,24.99571429,13.16428571,397
12/14/2025,2025,12,14,76.32587302,0.010952381,100.882381,1.523174603,30.39365079,19.07857143,14.4652381,25.13793651,13.71174603,387
12/15/2025,2025,12,15,77.21920635,0.018253968,100.8493651,1.58984127,275.352381,18.92285714,14.51761905,24.69444444,13.98793651,288
12/16/2025,2025,12,16,75.84555556,1.376190476,100.7874603,1.556984127,290.4777778,18.93333333,14.27047619,24.32730159,14.18269841,116
12/17/2025,2025,12,17,78.16857143,0.007777778,100.8950794,1.744444444,260.2603175,18.40063492,14.21873016,24.0647619,13.59777778,172
12/18/2025,2025,12,18,78.15793651,0,100.8669841,1.432698413,236.915873,18.90698413,14.72507937,24.85698413,13.6584127,240
12/19/2025,2025,12,19,79.47380952,0,100.6979365,1.199365079,266.0920635,18.70047619,14.85349206,23.85380952,14.17111111,114
12/20/2025,2025,12,20,79.61079365,0.006666667,100.6892063,1.369365079,205.8984127,18.23396825,14.40349206,23.31666667,14.07380952,190
12/21/2025,2025,12,21,80.11968254,0.002380952,100.8387302,1.483015873,200.5904762,17.98126984,14.25301587,23.36920635,13.29063492,194
12/22/2025,2025,12,22,80.37634921,0,100.768254,1.65015873,244.9539683,18.00238095,14.34190476,23.51714286,13.53460317,165
12/23/2025,2025,12,23,80.24904762,0,100.6449206,1.748412698,299.552381,17.5715873,13.85619048,22.78253968,13.59492063,126
12/24/2025,2025,12,24,80.19587302,0,100.6766667,1.717619048,307.1412698,17.0868254,13.39111111,22.77507937,12.75952381,133
12/25/2025,2025,12,25,78.1984127,0,100.7969841,1.74984127,307.2,16.21920635,12.2015873,21.75650794,11.49079365,71
12/26/2025,2025,12,26,77.3384127,0,100.7742857,1.664126984,302.3095238,16.23079365,11.94380952,22.17650794,11.02555556,66
12/27/2025,2025,12,27,79.76809524,0,100.78,1.562539683,286.8285714,16.23396825,12.54349206,22.03555556,11.31619048,96
12/28/2025,2025,12,28,80.30396825,0,100.8739683,1.711904762,289.4111111,16.02047619,12.44666667,21.78650794,11.47825397,114
12/29/2025,2025,12,29,81.45507937,0,100.8501587,1.813174603,310.6222222,15.19603175,11.85111111,20.89761905,10.62126984,111
12/30/2025,2025,12,30,82.0884127,0.045873016,100.7407937,1.878730159,311.3301587,14.43,11.27460317,20.04365079,10.26619048,120
12/31/2025,2025,12,31,79.02936508,0.058253968,100.6238095,1.810634921,299.0888889,14.7652381,10.91825397,20.71968254,9.801269841,68
1/1/2026,2026,1,1,76.53301587,0,100.6928571,1.625396825,239.8746032,16.07571429,11.65428571,22.18793651,10.54952381,76
1/2/2026,2026,1,2,77.86269841,0,100.8120635,1.622539683,295.8761905,16.37492063,12.25253968,22.05539683,11.35,63
1/3/2026,2026,1,3,77.77873016,0,100.9796825,1.509365079,237.6571429,16.31238095,12.1715873,21.61539683,11.74492063,53
1/4/2026,2026,1,4,77.84142857,0,101.0698413,1.924603175,251.7761905,15.89603175,11.70793651,21.57761905,11.42825397,69
1/5/2026,2026,1,5,78.9552381,0.00031746,101.1466667,2.107142857,298.5031746,14.69634921,10.79206349,20.88095238,9.909206349,68
1/6/2026,2026,1,6,78.8447619,0,101.1369841,2.237460317,288.2460317,14.23333333,10.31206349,20.74539683,9.168412698,55
1/7/2026,2026,1,7,75.2668254,0,101.185873,2.167460317,312.7809524,14.99460317,10.20761905,21.87984127,9.470634921,46
1/8/2026,2026,1,8,72.62555556,0,101.1911111,2.173809524,280.3079365,15.21190476,9.733650794,22.1452381,9.598730159,35
1/9/2026,2026,1,9,71.90539683,0,101.0622222,1.816666667,283.4904762,15.58079365,10.03793651,22.4384127,9.931428571,29
1/10/2026,2026,1,10,74.56666667,0,100.9787302,1.781587302,284.4888889,15.68142857,10.78888889,21.85412698,10.30142857,31
1/11/2026,2026,1,11,75.1168254,0.02047619,101.0739683,1.87968254,290.2650794,16.34111111,11.53571429,22.74777778,11.19269841,52
1/12/2026,2026,1,12,75.58063492,0.026984127,101.1465079,2.047936508,304.6095238,16.5647619,11.79079365,23.39777778,10.96825397,33
1/13/2026,2026,1,13,74.89920635,0.08952381,100.9642857,1.904920635,292.9079365,16.69428571,11.78015873,23.44809524,11.03047619,36
1/14/2026,2026,1,14,73.80714286,6.134444444,100.7452381,1.702380952,293.8174603,16.89634921,11.7468254,23.46126984,11.56428571,35
1/15/2026,2026,1,15,73.32873016,0.030952381,100.7061905,1.872222222,298.5126984,16.74206349,11.49857143,23.32444444,11.57809524,34
1/16/2026,2026,1,16,71.96460317,0.008253968,100.7085714,1.87968254,293.4619048,16.69015873,11.0968254,23.50111111,10.96619048,12
1/17/2026,2026,1,17,72.81603175,0.007142857,100.591746,1.715714286,297.5238095,17.20079365,11.88285714,23.85857143,11.4947619,18
1/18/2026,2026,1,18,70.1184127,0.051746032,100.4955556,1.393333333,290.647619,18.11111111,12.06920635,24.80174603,12.19873016,35
1/19/2026,2026,1,19,69.27873016,0.000634921,100.571746,1.426507937,296.7190476,18.44968254,12.21571429,24.83698413,12.78666667,29
1/20/2026,2026,1,20,66.58047619,0,100.6907937,1.474285714,230.7555556,19.19015873,12.34698413,25.63825397,13.75571429,26
1/21/2026,2026,1,21,65.87301587,0,100.81,1.659206349,231.8507937,18.9584127,11.91714286,25.39015873,13.21174603,39
1/22/2026,2026,1,22,66.16,0,100.9257143,1.694603175,229.9761905,18.10555556,11.13634921,24.46730159,12.67761905,19
1/23/2026,2026,1,23,62.6268254,0,101.0411111,1.387777778,277.8492063,18.37492063,10.55968254,24.79190476,12.62190476,11
1/24/2026,2026,1,24,63.57460317,0,101.0334921,1.414444444,302.4730159,18.57650794,10.9215873,24.97825397,12.83428571,24
1/25/2026,2026,1,25,64.21142857,0,100.9225397,1.435555556,306.5111111,18.84746032,11.45904762,24.73507937,13.66380952,31
1/26/2026,2026,1,26,67.9831746,0,101.0366667,1.82952381,259.0079365,18.90904762,12.32206349,25.54857143,13.46063492,22
1/27/2026,2026,1,27,67.96349206,0,101.0753968,1.746190476,249.6809524,18.78396825,12.15349206,25.27031746,13.02126984,19
1/28/2026,2026,1,28,65.02190476,0,100.9174603,1.408253968,274.5222222,19.3131746,11.95333333,25.93587302,13.49111111,25
1/29/2026,2026,1,29,66.48063492,0,100.86,1.500634921,291.3492063,20.04904762,13.18079365,26.16396825,14.5215873,25
1/30/2026,2026,1,30,68.98714286,0,101.0112698,1.824761905,251.8460317,19.42365079,13.0315873,25.62873016,14.11063492,14
1/31/2026,2026,1,31,65.49126984,0,101.0514286,1.752222222,246.4650794,19.04761905,11.75777778,25.84571429,13.19047619,17
2/1/2026,2026,2,1,66.67984127,0,101.0444444,1.817142857,240.1460317,18.9,11.91571429,25.48698413,13.24063492,14
2/2/2026,2026,2,2,65.55269841,0,100.9715873,1.705873016,259.3904762,19.32888889,12.06063492,25.97507937,13.66396825,18
2/3/2026,2026,2,3,63.43666667,0,101.0309524,1.539047619,264.4015873,20.04507937,12.11126984,27.01873016,14.01571429,17
2/4/2026,2026,2,4,63.44095238,0,101.002381,1.764444444,308.968254,20.27428571,12.46111111,26.56888889,14.98444444,12
2/5/2026,2026,2,5,59.2631746,0,100.9792063,1.955396825,295.4412698,19.76730159,10.75873016,26.73666667,13.51349206,16
2/6/2026,2026,2,6,55.69555556,0,100.9395238,2.04952381,318.552381,18.36095238,8.417936508,25.23492063,12.50174603,10
2/7/2026,2026,2,7,58.06222222,0,100.775873,1.991587302,313.9825397,18.11142857,8.961746032,25.0731746,11.75015873,14
2/8/2026,2026,2,8,58.64714286,0,100.7496825,1.880793651,297.0936508,18.89396825,9.754603175,26.14650794,12.46746032,21
2/9/2026,2026,2,9,55.30587302,0,100.7263492,1.765555556,281.2269841,19.2784127,9.281428571,26.02365079,13.48285714,23
2/10/2026,2026,2,10,55.34428571,0,100.804127,1.595079365,298.0888889,19.60492063,9.574126984,26.71507937,13.19412698,17
2/11/2026,2026,2,11,55.63253968,0,100.9452381,1.659365079,307.7174603,20.11285714,10.15952381,27.49714286,13.74015873,9
2/12/2026,2026,2,12,55.21825397,0,100.8744444,1.753650794,300.6698413,20.24142857,10.07396825,27.60507937,14.28714286,8
2/13/2026,2026,2,13,54.4468254,0,100.7260317,1.839047619,313.6952381,20.30206349,9.871269841,27.82,13.78539683,6
2/14/2026,2026,2,14,55.23253968,0,100.6038095,1.730952381,298.752381,20.58460317,10.37968254,27.87555556,14.2947619,12
2/15/2026,2026,2,15,51.68936508,0,100.5820635,1.513650794,303.4761905,20.89984127,9.742222222,27.85857143,14.62412698,31
2/16/2026,2026,2,16,52.15396825,0,100.6207937,1.693492063,285.3396825,20.80111111,9.646031746,28.23206349,14.4947619,38
2/17/2026,2026,2,17,54.92380952,0,100.584127,1.624444444,268.8333333,21.60333333,11.14571429,29.24984127,14.60238095,14
2/18/2026,2026,2,18,50.28206349,0.140793651,100.6066667,1.370793651,267.2539683,22.63444444,10.55349206,30.36984127,15.8147619,14
2/19/2026,2026,2,19,46.67285714,0,100.7184127,1.361746032,258.1174603,23.1531746,10.09269841,30.38380952,16.38428571,16
2/20/2026,2026,2,20,48.26142857,0.00015873,100.7493651,1.472857143,301.0571429,23.78206349,11.28063492,31.0615873,17.73238095,7
2/21/2026,2026,2,21,50.91634921,0.002222222,100.4046032,1.627777778,303.6428571,23.57555556,11.82888889,30.7984127,17.2515873,12
2/22/2026,2026,2,22,52.89666667,0.005238095,100.2174603,1.636666667,293.1015873,23.64111111,12.60079365,30.19555556,17.63952381,22
2/23/2026,2026,2,23,55.09349206,0.096666667,100.2633333,1.27984127,245.384127,24.04238095,13.59761905,30.55730159,18.46031746,7
2/24/2026,2026,2,24,57.09714286,0.995555556,100.3766667,1.41968254,267.7619048,23.68111111,13.98047619,29.99333333,18.31952381,12
2/25/2026,2026,2,25,56.36380952,0.387142857,100.394127,1.482380952,288.3063492,23.46460317,13.60555556,29.58968254,18.53650794,14
2/26/2026,2026,2,26,49.84666667,0.086190476,100.2973016,1.556984127,300.7047619,23.1752381,11.01746032,29.57238095,17.73666667,9
2/27/2026,2026,2,27,45.31365079,0.00031746,100.1157143,1.578253968,264.3539683,23.23920635,9.575238095,29.85984127,17.18650794,7
2/28/2026,2026,2,28,49.16285714,0,100.0650794,1.805873016,234.5222222,23.58444444,10.98984127,29.99857143,17.43936508,9
3/1/2026,2026,3,1,59.94603175,0.000952381,100.1269841,1.931904762,216.2603175,24.08793651,14.63396825,30.99507937,17.74873016,10
3/2/2026,2026,3,2,61.14460317,0.062698413,100.2646032,1.556666667,222.2412698,25.06174603,15.90428571,31.27698413,20.3715873,11
3/3/2026,2026,3,3,52.52873016,0.148412698,100.3965079,1.27047619,236.0460317,24.5647619,12.33,31.29873016,18.91095238,12
3/4/2026,2026,3,4,48.39920635,0.097619048,100.4087302,1.285555556,149.7063492,24.55936508,11.58539683,31.37,18.52873016,9
3/5/2026,2026,3,5,50.38396825,0,100.2439683,1.17047619,132.5603175,25.23873016,13.09492063,31.77666667,18.84936508,10
3/6/2026,2026,3,6,54.65142857,0,100.29,1.496666667,167.9444444,25.80746032,14.85539683,32.46142857,19.99539683,6
3/7/2026,2026,3,7,64.0315873,0.012698413,100.4615873,1.854126984,187.7920635,25.27746032,17.1268254,31.21857143,19.83190476,14
3/8/2026,2026,3,8,67.04063492,0.22015873,100.5012698,1.699206349,193.2984127,25.55095238,18.12587302,31.36619048,20.5631746,9
3/9/2026,2026,3,9,66.70603175,0.744126984,100.6269841,1.416666667,181.3793651,25.65380952,18.36190476,31.05793651,20.77904762,11
3/10/2026,2026,3,10,63.4268254,0.418888889,100.6722222,1.100793651,192.9666667,26.50222222,18.33777778,31.72952381,21.62222222,8
3/11/2026,2026,3,11,63.16333333,1.074920635,100.4569841,1.515873016,216.3507937,26.81888889,18.60396825,32.15333333,22.04936508,9
3/12/2026,2026,3,12,67.23873016,3.153333333,100.2557143,1.89047619,190.5936508,26.6084127,19.4368254,31.80349206,22.19920635,17
3/13/2026,2026,3,13,72.1715873,7.931746032,100.178254,2.825396825,194.431746,26.2868254,20.06571429,31.77253968,22.02619048,6
3/14/2026,2026,3,14,72.10873016,4.656031746,100.3195238,3.601111111,197.2063492,26.47968254,20.20539683,31.68984127,22.72619048,8
3/15/2026,2026,3,15,72.3215873,4.973650794,100.3834921,3.482222222,196.7253968,26.41809524,20.24396825,31.74873016,22.44888889,24
3/16/2026,2026,3,16,74.28746032,8.191111111,100.2514286,2.990952381,192.4571429,25.66507937,20.05253968,30.81888889,21.84714286,14
3/17/2026,2026,3,17,73.78206349,8.840634921,100.2534921,2.846190476,206.5777778,25.45825397,19.63587302,30.42492063,21.92888889,4
3/18/2026,2026,3,18,71.97380952,6.105555556,100.3944444,2.164603175,198.7238095,25.90206349,19.47063492,31.85365079,21.00444444,5
3/19/2026,2026,3,19,75.7952381,5.536825397,100.4169841,1.866825397,198.1492063,24.81587302,19.83460317,28.85984127,21.90047619,9
3/20/2026,2026,3,20,74.0131746,8.763333333,100.3257143,1.92,170.0206349,24.52142857,19.14015873,28.94428571,21.43349206,5
3/21/2026,2026,3,21,76.32444444,11.43333333,100.4630159,1.37,221.6968254,22.82412698,18.09206349,26.47222222,20.14777778,5
3/22/2026,2026,3,22,70.73301587,3.343333333,100.4577778,1.528253968,277.7126984,22.60460317,16.52761905,27.3368254,18.4515873,7
3/23/2026,2026,3,23,63.63666667,0.274285714,100.504127,1.326031746,246.931746,23.83507937,15.90222222,28.90285714,18.6247619,7
3/24/2026,2026,3,24,65.23920635,1.673968254,100.3026984,1.934920635,218.1047619,24.90126984,17.22365079,30.52904762,19.70190476,7
3/25/2026,2026,3,25,68.6752381,3.592063492,100.2620635,1.92984127,221.8412698,25.88126984,18.8652381,31.7184127,20.70412698,9
3/26/2026,2026,3,26,65.14126984,2.432698413,100.3539683,1.360634921,194.1539683,26.47666667,18.27619048,32.31269841,21.24936508,8
3/27/2026,2026,3,27,63.56365079,1.224761905,100.0901587,1.815079365,194.3111111,26.84079365,18.2447619,33.22936508,20.83222222,7
3/28/2026,2026,3,28,74.53396825,12.10619048,99.96269841,1.827619048,175.0825397,25.42730159,20.05222222,29.81746032,21.9647619,11
3/29/2026,2026,3,29,71.87777778,1.804761905,100.0688889,2.173968254,179.5587302,25.94222222,19.77698413,31.60079365,20.88492063,41
3/30/2026,2026,3,30,74.76857143,3.522857143,100.1539683,2.31984127,191.2126984,26.81603175,21.40809524,31.92793651,22.25126984,23
3/31/2026,2026,3,31,75.38492063,8.61984127,100.2487302,1.834920635,182.152381,26.87698413,21.55555556,31.78650794,23.14047619,27
4/1/2026,2026,4,1,70.90984127,3.842222222,100.1980952,2.142063492,208.0063492,27.37412698,20.69111111,33.6447619,22.38952381,25
4/2/2026,2026,4,2,70.23539683,4.172857143,100.1666667,2.693492063,219.1015873,28.10015873,21.1831746,34.41253968,22.91460317,25
4/3/2026,2026,4,3,69.0052381,2.531587302,100.0846032,2.239206349,210.9269841,28.69761905,21.30142857,35.07269841,23.09730159,7
4/4/2026,2026,4,4,67.74111111,1.989047619,99.93333333,2.166190476,216.9492063,28.85587302,21.08984127,34.9468254,23.87539683,10
4/5/2026,2026,4,5,69.47095238,1.923333333,99.96936508,2.597460317,247.231746,27.14825397,20.36603175,32.22920635,23.43634921,30
4/6/2026,2026,4,6,65.51746032,1.273333333,100.1265079,1.993015873,240.9714286,27.2031746,19.41238095,32.82968254,22.11619048,43
4/7/2026,2026,4,7,70.92492063,10.87746032,100.2103175,1.880952381,207.115873,26.37190476,19.93380952,30.93698413,22.92873016,16
4/8/2026,2026,4,8,72.07936508,8.613015873,100.2230159,1.77984127,179.2,25.99349206,19.88555556,30.98285714,21.73428571,20
4/9/2026,2026,4,9,76.69777778,19.78126984,100.3320635,1.531428571,203.1936508,25.05746032,20.37761905,29.18396825,21.80968254,13
4/10/2026,2026,4,10,66.88047619,5.931269841,100.3368254,1.881428571,244.4952381,25.44587302,17.74190476,30.7247619,20.99142857,13
4/11/2026,2026,4,11,61.29920635,1.215396825,100.2487302,1.786349206,217.7142857,26.30333333,17.22555556,32.0152381,20.1784127,13
4/12/2026,2026,4,12,65.2368254,0.124603175,100.0044444,2.446031746,211.0047619,27.03460317,18.62,33.39396825,21.14142857,13
4/13/2026,2026,4,13,71.55857143,0.742539683,100.0773016,2.754444444,200.952381,27.80904762,21.16349206,34.13857143,22.42492063,24
4/14/2026,2026,4,14,72.12603175,6.303492063,100.071746,2.220793651,193.6222222,28.13761905,21.53063492,33.62365079,23.51063492,14
4/15/2026,2026,4,15,72.02507937,6.582063492,99.91063492,2.549365079,190.847619,28.29222222,21.67142857,34.08714286,23.5152381,44
4/16/2026,2026,4,16,75.69015873,8.182698413,100.0687302,2.358571429,161.7809524,28.25333333,22.98984127,33.37936508,24.17634921,31
4/17/2026,2026,4,17,72.82063492,2.225873016,100.1749206,1.500952381,175.8587302,28.5247619,22.52666667,33.75746032,24.36412698,13
4/18/2026,2026,4,18,73.99952381,6.021269841,100.0561905,1.864285714,178.352381,28.51047619,22.83698413,33.49571429,24.04444444,17
4/19/2026,2026,4,19,75.55428571,3.477142857,99.94603175,2.542380952,185.2079365,28.82666667,23.29952381,34.28619048,24.47539683,34
4/20/2026,2026,4,20,75.53269841,9.192698413,99.78587302,3.22952381,189.9666667,29.20539683,23.59619048,34.6652381,25.23571429,16
4/21/2026,2026,4,21,72.47111111,5.651269841,99.70412698,3.34015873,201.015873,29.5415873,22.70857143,35.39063492,25.33730159,25
4/22/2026,2026,4,22,71.80253968,2.519365079,99.75968254,2.579206349,185.9285714,29.48444444,22.34126984,35.00730159,25.16968254,25
4/23/2026,2026,4,23,72.27095238,0.425714286,99.82809524,2.124285714,166.7888889,29.28777778,22.59571429,34.95333333,24.63253968,31
4/24/2026,2026,4,24,73.18650794,0.71952381,99.93666667,1.92047619,159.8396825,29.4084127,23.17269841,34.8231746,24.96031746,13
4/25/2026,2026,4,25,73.6252381,0.384603175,100.0520635,2.243174603,172.3857143,29.25174603,23.25111111,34.26539683,25.39888889,17
4/26/2026,2026,4,26,74.08603175,11.39873016,99.93825397,2.994761905,162.4015873,28.60428571,22.7268254,33.76349206,24.7684127,28
4/27/2026,2026,4,27,78.91650794,23.35793651,99.74968254,3.551269841,167.8619048,28.03904762,23.6015873,32.60809524,24.72793651,25
4/28/2026,2026,4,28,82.17079365,44.91396825,99.67349206,3.755396825,179.4825397,28.3447619,24.58619048,32.23666667,25.39380952,21
4/29/2026,2026,4,29,86.14492063,39.80698413,99.91888889,3.242539683,147.8365079,26.79904762,24.08555556,29.85539683,24.4984127,14
4/30/2026,2026,4,30,84.68015873,19.90730159,100.0963492,2.538571429,157.5222222,25.67793651,22.75587302,28.72587302,23.51333333,20
5/1/2026,2026,5,1,83.98952381,19.0015873,99.89507937,2.506031746,182.4269841,25.73412698,22.58460317,28.53666667,23.48507937,8
5/2/2026,2026,5,2,79.90952381,13.45111111,99.81111111,2.520793651,183.9174603,26.73650794,22.4947619,30.72460317,23.07190476,9
5/3/2026,2026,5,3,82.4352381,17.70984127,99.9747619,2.264444444,163.4571429,26.89873016,23.37968254,30.23698413,23.8931746,19
5/4/2026,2026,5,4,81.79746032,10.62063492,100.2069841,2.064285714,156.7730159,26.99190476,23.32873016,30.63714286,24.06142857,16
5/5/2026,2026,5,5,81.50730159,6.378253968,100.2555556,1.384285714,191.1809524,26.6447619,22.9568254,30.36095238,23.33047619,25
5/6/2026,2026,5,6,77.70507937,8.042222222,100.0779365,1.33015873,200.3539683,27.24666667,22.61222222,31.30507937,23.27619048,28
5/7/2026,2026,5,7,75.3768254,12.87238095,100.205873,1.198253968,197.9825397,27.40380952,22.33238095,31.08269841,23.88047619,25
5/8/2026,2026,5,8,74.45015873,3.421904762,100.2684127,1.323492063,204.8238095,27.40666667,22.11698413,31.50904762,23.30047619,12
5/9/2026,2026,5,9,74.07587302,3.568888889,100.2301587,1.344603175,170.2920635,27.58126984,22.25555556,31.44809524,23.50301587,28
5/10/2026,2026,5,10,76.90460317,6.296984127,100.2242857,1.504126984,173.9587302,27.08936508,22.44634921,30.51031746,24.14761905,35
5/11/2026,2026,5,11,79.0831746,8.975873016,100.2103175,1.550634921,168.0126984,26.53698413,22.31666667,30.09333333,23.46253968,29
5/12/2026,2026,5,12,78.29365079,2.231904762,100.0628571,1.804444444,175.5047619,27.1468254,22.71333333,31.13761905,23.26206349,37
5/13/2026,2026,5,13,80.9731746,10.81857143,99.83031746,2.653174603,180.4380952,27.55873016,23.7368254,31.31206349,24.26587302,27
5/14/2026,2026,5,14,82.45920635,15.83539683,99.6431746,2.678730159,186.3412698,28.26936508,24.7147619,32.29301587,24.85825397,29
5/15/2026,2026,5,15,82.5831746,6.77984127,99.64253968,2.699365079,189.9428571,28.77206349,25.19825397,32.8068254,25.41666667,10
5/16/2026,2026,5,16,81.50333333,8.686825397,99.65984127,3.154285714,198.2492063,29.03079365,25.11920635,32.93619048,26.18031746,16
5/17/2026,2026,5,17,80.03111111,13.48857143,99.66650794,2.816984127,191.8603175,29.34888889,25.01698413,33.80920635,25.75253968,67
5/18/2026,2026,5,18,80.16333333,10.68904762,99.61015873,2.786825397,177.8333333,29.56079365,25.16,34.14555556,26.14555556,28
5/19/2026,2026,5,19,82.60968254,13.08365079,99.62539683,2.411904762,165.1587302,29.30031746,25.69587302,33.30412698,26.15380952,32
5/20/2026,2026,5,20,80.99825397,3.981111111,99.48777778,2.121269841,161.084127,29.58174603,25.61301587,33.59380952,26.25873016,33
5/21/2026,2026,5,21,82.60031746,9.033492063,99.58015873,2.438888889,167.084127,30.01555556,26.35063492,33.97079365,26.92825397,21
5/22/2026,2026,5,22,83.06492063,8.384285714,99.72825397,2.291428571,169.1777778,29.97714286,26.41365079,33.85206349,26.9415873,11
5/23/2026,2026,5,23,82.42285714,7.487619048,99.69253968,3.15,184.3015873,30.03285714,26.26285714,33.90015873,27.11857143,19
5/24/2026,2026,5,24,83.63793651,13.76126984,99.80904762,3.428095238,183.0888889,29.62095238,26.21365079,33.22619048,27.21031746,23
5/25/2026,2026,5,25,85.88095238,25.06380952,99.81365079,3.66968254,174.2238095,29.13095238,26.27492063,32.29380952,27.05174603,22
5/26/2026,2026,5,26,84.31571429,35.3815873,99.8215873,3.099047619,171.1206349,28.90968254,25.73444444,32.21396825,26.42460317,14
5/27/2026,2026,5,27,83.65142857,18.95190476,99.90412698,2.359365079,151.8920635,28.39666667,25.12587302,32.03111111,25.70746032,14
5/28/2026,2026,5,28,85.02539683,22.36301587,99.98873016,2.149365079,139.9825397,27.71603175,24.86349206,30.38730159,25.59396825,10
5/29/2026,2026,5,29,79.4531746,9.598253968,100.0122222,1.438095238,148.3047619,28.63412698,24.50555556,31.99888889,25.48095238,14
5/30/2026,2026,5,30,78.30968254,6.734761905,99.97,1.208571429,180.1492063,28.8447619,24.51809524,32.14412698,25.64190476,29
5/31/2026,2026,5,31,78.19587302,2.060793651,99.93634921,1.206031746,226.3730159,29.18777778,24.78206349,32.57507937,26.12539683,24
6/1/2026,2026,6,1,79.69555556,1.113333333,99.99539683,1.601587302,196.6365079,29.45587302,25.30253968,33.03730159,26.25968254,110
6/2/2026,2026,6,2,81.28015873,3.85952381,99.85619048,1.973809524,202.2492063,29.41571429,25.5968254,32.73825397,26.42063492,77
6/3/2026,2026,6,3,79.51507937,2.321269841,99.61873016,2.133809524,209.4968254,29.76492063,25.46444444,33.16412698,26.84047619,75
6/4/2026,2026,6,4,81.66857143,5.583650794,99.52428571,2.170952381,192.6968254,29.71619048,25.9984127,32.89984127,26.98492063,91
6/5/2026,2026,6,5,85.57920635,11.52650794,99.52587302,1.965238095,179.768254,29.40333333,26.57746032,32.07968254,27.25793651,23
6/6/2026,2026,6,6,85.16888889,12.64587302,99.59714286,2.11015873,180.2698413,29.25365079,26.36222222,32.01730159,27.0452381,31
6/7/2026,2026,6,7,85.91936508,21.90888889,99.66571429,2.544603175,198.5380952,29.0452381,26.30095238,31.96,26.88190476,107
6/8/2026,2026,6,8,85.67222222,12.68888889,99.55222222,2.739206349,191.5015873,28.90412698,26.05793651,31.57412698,26.93412698,65
6/9/2026,2026,6,9,85.83936508,14.45888889,99.45650794,2.943968254,173.1365079,29.18714286,26.34349206,32.63174603,26.77349206,68
6/10/2026,2026,6,10,87.8731746,31.32079365,99.58619048,3.13047619,160.3111111,28.60015873,26.28555556,31.55746032,26.47825397,73
6/11/2026,2026,6,11,88.12873016,16.58793651,99.77571429,2.26047619,157.1365079,28.01492063,25.80634921,30.25507937,26.11380952,95
6/12/2026,2026,6,12,83.33714286,20.08634921,99.90746032,1.773174603,181.9666667,28.30428571,25.04825397,31.26222222,25.83031746,19
6/13/2026,2026,6,13,84.9968254,15.92460317,99.79238095,2.426507937,193.568254,28.38412698,25.49365079,31.29285714,25.95666667,35
6/14/2026,2026,6,14,86.9415873,15.14253968,99.63507937,2.775714286,195.4031746,28.38666667,25.88380952,31.00634921,26.28793651,135
6/15/2026,2026,6,15,84.98555556,10.01507937,99.68984127,2.436507937,181.1333333,28.53888889,25.63539683,31.52873016,26.27904762,98
6/16/2026,2026,6,16,85.24904762,13.14619048,99.80349206,2.445396825,184.7238095,28.7384127,25.87952381,31.92190476,26.20603175,113
6/17/2026,2026,6,17,84.71666667,11.29571429,99.81777778,2.994285714,188.5222222,28.88936508,25.90015873,32.05571429,26.44555556,87
6/18/2026,2026,6,18,86.54222222,13.89111111,99.77253968,2.907301587,188.5793651,28.87079365,26.29571429,31.82031746,26.62857143,101
6/19/2026,2026,6,19,88.65507937,26.26444444,99.80111111,2.67047619,202.4063492,28.0331746,25.94015873,29.92539683,26.53222222,20
6/20/2026,2026,6,20,86.26031746,8.431904762,99.77111111,2.874285714,195.6301587,28.48333333,25.8568254,31.30571429,25.98650794,60
6/21/2026,2026,6,21,89.78190476,22.93539683,99.76174603,3.630793651,187.8492063,28.16238095,26.27650794,30.27174603,26.59809524,220
6/22/2026,2026,6,22,89.47301587,24.24920635,99.69555556,3.006666667,196.0984127,27.8884127,25.94047619,30.18984127,26.11492063,139
6/23/2026,2026,6,23,87.6931746,12.70730159,99.49984127,2.612063492,191.8809524,28.21095238,25.86809524,31.13714286,25.78920635,121
6/24/2026,2026,6,24,86.71015873,9.668095238,99.53619048,2.504920635,195.8380952,28.40507937,25.8631746,31.16666667,26.48190476,157
6/25/2026,2026,6,25,86.01936508,13.30206349,99.68047619,2.404761905,191.9904762,28.45428571,25.75714286,31.58587302,26.05031746,198
6/26/2026,2026,6,26,84.61126984,8.175238095,99.76952381,2.179047619,185.6396825,28.57333333,25.57952381,31.7868254,25.85190476,31
6/27/2026,2026,6,27,85.10746032,4.437301587,99.68142857,2.550793651,187.8873016,28.87396825,25.97936508,32.19460317,25.94793651,82
6/28/2026,2026,6,28,86.27253968,11.60857143,99.5415873,3.037142857,191.9809524,29.11746032,26.47873016,32.01936508,26.80539683,172
6/29/2026,2026,6,29,90.09174603,22.51190476,99.46714286,2.966349206,190.5428571,28.81507937,26.99063492,31.11507937,26.97206349,124
6/30/2026,2026,6,30,87.2252381,17.00365079,99.50206349,1.878253968,195.7396825,28.63603175,26.21904762,31.01507937,26.79793651,180
7/1/2026,2026,7,1,80.94650794,14.30539683,99.48222222,2.032857143,155.7031746,29.54761905,25.7231746,33.02365079,27.33206349,163
7/2/2026,2026,7,2,80.33047619,10.95555556,99.44190476,2.452698413,141.5206349,29.76079365,25.78396825,33.72825397,26.72539683,147
7/3/2026,2026,7,3,77.82714286,10.31460317,99.35095238,2.564603175,128.1031746,30.41555556,25.79888889,34.76269841,27.12253968,44
7/4/2026,2026,7,4,78.72968254,12.81666667,99.15349206,3.415079365,119.6539683,29.88952381,25.54063492,33.80857143,27.00380952,139
7/5/2026,2026,7,5,83.30968254,23.26222222,99.13460317,4.440952381,128.9777778,28.68873016,25.44412698,32.1068254,26.77222222,274
7/6/2026,2026,7,6,85.47190476,37.3215873,99.29761905,4.67952381,152.447619,28.27365079,25.50238095,31.27936508,26.49412698,239
7/7/2026,2026,7,7,88.07190476,33.88301587,99.57650794,3.490634921,189.6555556,28.07206349,25.85603175,30.43031746,26.48952381,196
7/8/2026,2026,7,8,89.6268254,34.2552381,99.61222222,3.425079365,204.8587302,27.7684127,25.83571429,29.85142857,26.49698413,251
7/9/2026,2026,7,9,88.30444444,24.62174603,99.6352381,3.38968254,204.7666667,28.12222222,25.90777778,30.88984127,26.55587302,190
7/10/2026,2026,7,10,88.38047619,23.59793651,99.48031746,3.260793651,200.047619,28.39365079,26.19031746,31.07952381,26.46539683,68
7/11/2026,2026,7,11,89.80952381,22.4484127,99.3084127,2.819047619,221.3714286,28.13206349,26.24460317,30.33111111,26.69539683,158
7/12/2026,2026,7,12,89.74047619,22.75063492,99.18603175,2.552539683,223.2920635,28.21492063,26.29603175,30.58968254,26.58349206,350
7/13/2026,2026,7,13,93.55095238,38.36460317,99.30222222,1.795396825,212.9222222,27.23603175,26.0768254,28.48555556,26.32507937,327
7/14/2026,2026,7,14,85.84301587,9.409365079,99.34666667,1.416507937,165.7857143,28.81238095,26.08555556,32.20285714,26.1652381,329
7/15/2026,2026,7,15,84.75412698,9.696507937,99.44650794,2.381111111,139.2460317,28.93825397,25.98603175,32.45349206,26.51761905,391
7/16/2026,2026,7,16,86.52126984,14.33015873,99.54015873,3.433968254,143.7666667,28.25047619,25.68809524,31.60777778,26.12492063,306
7/17/2026,2026,7,17,88.50126984,17.82349206,99.60222222,3.890634921,160.8634921,27.89746032,25.76571429,30.67920635,26.22206349,94
7/18/2026,2026,7,18,88.4647619,14.09285714,99.67698413,3.623968254,164.1904762,27.83285714,25.69507937,30.53730159,26.15920635,242
7/19/2026,2026,7,19,89.13619048,12.4615873,99.82396825,3.186190476,160.5936508,27.41634921,25.41555556,29.68555556,25.85984127,473
7/20/2026,2026,7,20,90.15015873,15.18349206,99.86730159,2.302698413,151.0507937,27.23015873,25.42428571,29.34190476,25.84920635,372
7/21/2026,2026,7,21,89.65238095,19.22777778,99.80269841,2.79968254,131.9904762,27.20587302,25.29761905,29.4768254,25.76238095,338
7/22/2026,2026,7,22,90.51761905,27.53301587,99.78285714,3.271269841,152.9619048,27.0715873,25.33730159,29.41634921,25.65539683,375
7/23/2026,2026,7,23,89.18047619,19.18857143,99.75571429,2.646825397,188.0492063,27.10206349,25.09539683,29.81777778,25.52587302,450
7/24/2026,2026,7,24,88.6631746,13.11460317,99.3168254,2.356984127,184.3904762,27.35015873,25.24492063,30.1068254,25.39412698,181
7/25/2026,2026,7,25,86.48904762,6.682857143,99.52365079,2.242698413,145.0206349,28.20269841,25.61492063,31.60206349,25.60730159,439
7/26/2026,2026,7,26,84.82952381,10.70142857,99.3168254,2.975714286,126.4412698,28.55301587,25.59031746,32.22031746,25.8584127,458
7/27/2026,2026,7,27,87.13666667,20.34412698,99.12301587,3.419047619,124.2555556,28.04888889,25.58492063,31.1952381,25.85650794,546
7/28/2026,2026,7,28,87.12809524,14.91285714,99.21952381,3.718571429,142.0539683,28.12968254,25.69031746,31.44603175,26.01714286,512
7/29/2026,2026,7,29,87.79111111,16.76507937,99.39126984,3.425714286,144.6555556,27.88126984,25.57984127,31.13793651,25.8831746,534
7/30/2026,2026,7,30,90.11349206,13.86603175,99.57666667,3.177301587,150.615873,27.48031746,25.66777778,29.77555556,25.97174603,467
7/31/2026,2026,7,31,87.82047619,8.172380952,99.64920635,2.337142857,167.4730159,28.13888889,25.83412698,31.24777778,26.02365079,153
8/1/2026,2026,8,1,88.87,9.519206349,99.60587302,2.353333333,184.3984127,28.04666667,25.95968254,30.84809524,26.15666667,371
8/2/2026,2026,8,2,90.53111111,12.10603175,99.64063492,2.176666667,186.4571429,27.98174603,26.24174603,30.20380952,26.33095238,423
8/3/2026,2026,8,3,89.0268254,15.19920635,99.71174603,2.148730159,175.9539683,28.54571429,26.48142857,31.68507937,26.46492063,580
8/4/2026,2026,8,4,90.56698413,21.76793651,99.77111111,2.152857143,177.1222222,28.0015873,26.25920635,30.30746032,26.60333333,530
8/5/2026,2026,8,5,91.98222222,19.55,99.59222222,1.952222222,169.5396825,27.69746032,26.23269841,29.66666667,26.39936508,195
8/6/2026,2026,8,6,91.11269841,25.84730159,99.47126984,1.91,160.7603175,27.72603175,26.0747619,29.9652381,26.2168254,471
8/7/2026,2026,8,7,89.6468254,25.58031746,99.42460317,2.371269841,139.815873,27.58952381,25.65857143,30.4431746,25.89460317,249
8/8/2026,2026,8,8,86.27,25.84730159,99.77111111,2.353333333,184.3984127,28.04666667,25.95968254,30.84809524,26.15666667,544
8/9/2026,2026,8,9,86.92,21.76794556,99.60587302,2.975714286,126.4412698,28.55301587,25.59031746,32.22031746,25.8584127,672
8/10/2026,2026,8,10,87.82047619,21.56793651,99.3168254,2.353333333,184.3984127,28.04666667,25.95968254,30.84809524,26.15666667,726
8/11/2026,2026,8,11,89.6468254,21.77793651,99.3168254,3.718571429,142.0539683,28.12968254,25.69031746,31.44603175,26.01714286,756
